user_id,user_verified_type,weibo_type,fans_type,repost_type,like_type,comment_type
10000,1,1,1,2,1,3
2684521402,0,0,2,1,2,2
1904671130,0,0,2,3,2,2
5395667635,0,1,1,2,3,2
6832629459,0,0,1,2,3,3
2202083193,1,2,1,2,3,2
1796087453,0,1,2,2,3,2
1893801487,0,1,2,2,3,2
5347795977,0,1,2,2,3,3
1843633441,0,1,2,2,3,3
2146327684,1,0,2,2,3,2
5735084779,0,0,2,2,3,2
6373459851,0,0,2,2,3,3
1255795640,0,0,2,2,3,3
1323527941,0,2,2,2,3,2
1498396803,1,2,2,2,3,2
1686546714,0,2,2,2,3,2
1728148193,0,2,2,2,3,2
1784473157,0,2,2,2,3,2
3549916270,1,2,2,2,3,2
5342220662,1,2,2,2,3,2
5461853682,1,2,2,2,3,2
1700720163,0,2,2,2,3,3
1974576991,0,2,2,2,3,3
3203137375,0,2,2,2,3,3
3604378011,0,2,2,2,3,3
5994003317,0,2,2,2,3,3
2647281473,1,1,0,1,3,2
2113535642,1,1,0,3,3,3
2297839493,0,1,0,3,3,3
2813607252,1,1,0,3,3,3
2655176573,1,1,1,3,3,3
3061210763,1,1,0,3,3,3
7532796319,1,1,0,3,3,3
5108550554,0,0,1,1,3,2
2606169085,1,0,0,1,3,3
2198692254,0,0,0,1,3,3
6914251407,1,0,0,3,3,3
7511984350,0,0,0,3,3,3
7488069422,0,2,0,3,3,2
5868009402,1,2,0,3,3,3
1708877153,0,2,1,3,3,3
1718326977,1,2,1,3,3,3
1904469113,1,1,2,1,3,2
1890926607,0,1,2,3,3,2
5617030362,1,1,2,3,3,2
6508016609,0,1,2,1,3,2
7336594039,1,1,2,3,3,2
2591595652,0,1,2,3,3,2
2549511007,1,1,2,3,3,3
1191965271,0,1,2,3,3,3
2030112487,0,1,2,3,3,3
2596119483,0,1,2,3,3,3
2730549204,1,1,2,3,3,3
1642591402,0,1,2,3,3,3
5467852665,0,1,2,3,3,3
1301904252,0,1,2,3,3,3
1314608344,0,1,2,3,3,3
3074181393,1,1,2,3,3,3
5982499860,1,0,2,1,3,2
1910577521,1,0,2,1,3,2
6300853659,0,0,2,1,3,3
1873252242,0,0,2,3,3,3
2560912387,0,0,2,3,3,3
5167503212,0,0,2,3,3,3
6969972165,1,0,2,3,3,3
1735937570,0,0,2,3,3,3
1266922873,1,0,2,1,3,3
1638782947,0,2,2,1,3,2
5145725878,0,2,2,1,3,2
6365990425,0,2,2,1,3,2
1496814565,0,2,2,3,3,2
1642512402,0,2,2,3,3,2
1699540307,0,2,2,3,3,2
1734530730,0,2,2,3,3,2
2015108055,1,2,2,3,3,2
2318910945,0,2,2,3,3,2
6105713761,0,2,2,3,3,2
1982753487,1,2,2,3,3,2
6124642021,0,2,2,1,3,3
7308140398,0,2,2,1,3,3
1644114654,0,2,2,3,3,3
1672519561,0,2,2,3,3,3
1699432410,0,2,2,3,3,3
1711530911,0,2,2,3,3,3
1828887503,0,2,2,3,3,3
1887344341,0,2,2,3,3,3
1887790981,0,2,2,3,3,3
1895431523,0,2,2,3,3,3
2615417307,0,2,2,3,3,3
5993531560,0,2,2,3,3,3
7360594450,0,2,2,3,3,3
7373111326,0,2,2,3,3,3
1618051664,0,2,2,3,3,3
1700648435,0,2,2,3,3,3
1834783273,0,2,2,3,3,3
2286908003,0,2,2,3,3,3
3937348351,1,2,2,3,3,3
2810373291,0,2,2,3,3,3
3167104922,0,2,2,3,3,3
5044281310,0,2,2,3,3,3
1682207150,0,2,2,3,3,3
2656274875,0,2,2,3,3,3
2803301701,0,2,2,3,3,3
3266943013,0,2,2,3,3,3
6189120710,0,2,2,3,3,3
1064646454,1,1,0,0,1,0
1092945427,0,1,0,0,1,0
1252614317,1,1,0,0,1,0
1709467465,1,1,0,0,1,0
1729399083,1,1,0,0,1,0
1747109160,0,1,0,0,1,0
1798361341,1,1,0,0,1,0
1815737215,0,1,0,0,1,0
1858365182,0,1,0,0,1,0
1883184762,0,1,0,0,1,0
1913308843,1,1,0,0,1,0
1913935211,1,1,0,0,1,0
1924437171,0,1,0,0,1,0
1924853635,1,1,0,0,1,0
1926811743,0,1,0,0,1,0
1961097701,0,1,0,0,1,0
1980734371,1,1,0,0,1,0
1981819331,0,1,0,0,1,0
1989723775,0,1,0,0,1,0
1990198375,1,1,0,0,1,0
2024896451,0,1,0,0,1,0
2029505005,1,1,0,0,1,0
2049018647,0,1,0,0,1,0
2088662305,1,1,0,0,1,0
2099214172,1,1,0,0,1,0
2105042530,0,1,0,0,1,0
2113480734,1,1,0,0,1,0
2144066964,1,1,0,0,1,0
2182881135,1,1,0,0,1,0
2249520950,1,1,0,0,1,0
2253688924,0,1,0,0,1,0
2318629240,1,1,0,0,1,0
2337985010,0,1,0,0,1,0
2379979684,1,1,0,0,1,0
2388122400,1,1,0,0,1,0
2401556345,1,1,0,0,1,0
2452488395,1,1,0,0,1,0
2456931455,1,1,0,0,1,0
2472148755,1,1,0,0,1,0
2475613010,0,1,0,0,1,0
2490707052,1,1,0,0,1,0
2506214623,1,1,0,0,1,0
2519828022,1,1,0,0,1,0
2521498134,1,1,0,0,1,0
2556793530,1,1,0,0,1,0
2569691550,1,1,0,0,1,0
2588693210,0,1,0,0,1,0
2597221413,1,1,0,0,1,0
2607762887,1,1,0,0,1,0
2608234633,1,1,0,0,1,0
2608424991,1,1,0,0,1,0
2611542215,1,1,0,0,1,0
2611745583,1,1,0,0,1,0
2618059445,1,1,0,0,1,0
2620640457,1,1,0,0,1,0
2628387645,1,1,0,0,1,0
2642563891,1,1,0,0,1,0
2645377570,1,1,0,0,1,0
2645433760,1,1,0,0,1,0
2657633095,1,1,0,0,1,0
2695983121,1,1,0,0,1,0
2730258260,1,1,0,0,1,0
2751632824,1,1,0,0,1,0
2758910782,0,1,0,0,1,0
2768491503,1,1,0,0,1,0
2797392924,1,1,0,0,1,0
2859779284,1,1,0,0,1,0
2880487990,1,1,0,0,1,0
3008419144,1,1,0,0,1,0
3095407667,0,1,0,0,1,0
3141957514,1,1,0,0,1,0
3148622000,1,1,0,0,1,0
3153465505,1,1,0,0,1,0
3160612662,1,1,0,0,1,0
3164800384,1,1,0,0,1,0
3198187532,0,1,0,0,1,0
3199150960,0,1,0,0,1,0
3203752832,1,1,0,0,1,0
3231942652,1,1,0,0,1,0
3241571192,1,1,0,0,1,0
3305819203,0,1,0,0,1,0
3306604430,1,1,0,0,1,0
3320159483,1,1,0,0,1,0
3439488490,0,1,0,0,1,0
3446441450,0,1,0,0,1,0
3483578150,0,1,0,0,1,0
3516574547,1,1,0,0,1,0
3525503683,1,1,0,0,1,0
3555027410,0,1,0,0,1,0
3649062440,0,1,0,0,1,0
3695637705,1,1,0,0,1,0
3697707802,1,1,0,0,1,0
3811261522,1,1,0,0,1,0
3815062128,0,1,0,0,1,0
3846489597,1,1,0,0,1,0
3871279575,1,1,0,0,1,0
3898311280,1,1,0,0,1,0
3917895981,1,1,0,0,1,0
3937606196,1,1,0,0,1,0
3947832381,1,1,0,0,1,0
3958002657,1,1,0,0,1,0
3974560125,1,1,0,0,1,0
3977480240,1,1,0,0,1,0
5048114142,1,1,0,0,1,0
5061229888,0,1,0,0,1,0
5110439722,0,1,0,0,1,0
5116298586,0,1,0,0,1,0
5132141734,1,1,0,0,1,0
5159980918,1,1,0,0,1,0
5193769886,1,1,0,0,1,0
5216680639,1,1,0,0,1,0
5227599721,0,1,0,0,1,0
5235508532,1,1,0,0,1,0
5270965851,1,1,0,0,1,0
5281187541,0,1,0,0,1,0
5367519413,1,1,0,0,1,0
5368157865,1,1,0,0,1,0
5380501825,1,1,0,0,1,0
5425985446,1,1,0,0,1,0
5456052217,0,1,0,0,1,0
5462020226,1,1,0,0,1,0
5481235003,1,1,0,0,1,0
5500200143,1,1,0,0,1,0
5500585567,1,1,0,0,1,0
5507848289,1,1,0,0,1,0
5508373096,1,1,0,0,1,0
5519731545,0,1,0,0,1,0
5597884738,0,1,0,0,1,0
5601607972,1,1,0,0,1,0
5604006570,1,1,0,0,1,0
5658305663,1,1,0,0,1,0
5699428525,1,1,0,0,1,0
5700429073,1,1,0,0,1,0
5723785084,1,1,0,0,1,0
5744314271,0,1,0,0,1,0
5898618477,1,1,0,0,1,0
5917976377,1,1,0,0,1,0
5919809464,1,1,0,0,1,0
5933738920,1,1,0,0,1,0
5934477092,1,1,0,0,1,0
5973220849,1,1,0,0,1,0
6062120883,1,1,0,0,1,0
6077989896,0,1,0,0,1,0
6085694600,0,1,0,0,1,0
6220451658,1,1,0,0,1,0
6387872863,1,1,0,0,1,0
6509799287,1,1,0,0,1,0
6526504927,1,1,0,0,1,0
6560653260,0,1,0,0,1,0
6573790884,1,1,0,0,1,0
6583477021,1,1,0,0,1,0
7036804191,1,1,0,0,1,0
7093268990,0,1,0,0,1,0
7270761810,0,1,0,0,1,0
7298319279,0,1,0,0,1,0
7300690586,0,1,0,0,1,0
7324165869,1,1,0,0,1,0
7337509043,0,1,0,0,1,0
7365943043,0,1,0,0,1,0
7437634407,1,1,0,0,1,0
7452379375,1,1,0,0,1,0
7481672007,1,1,0,0,1,0
7497875024,0,1,0,0,1,0
7498826933,0,1,0,0,1,0
7513635555,0,1,0,0,1,0
7562283887,0,1,0,0,1,0
7575728458,1,1,0,0,1,0
7593501012,1,1,0,0,1,0
1354662744,0,1,1,0,1,0
1611935011,0,1,1,0,1,0
1684790931,0,1,1,0,1,0
1714800385,0,1,1,0,1,0
1723167603,0,1,1,0,1,0
1750355192,0,1,1,0,1,0
1835473531,0,1,1,0,1,0
1841589395,0,1,1,0,1,0
1842606855,0,1,1,0,1,0
1867085277,0,1,1,0,1,0
1888018193,0,1,1,0,1,0
1906881261,0,1,1,0,1,0
1911630795,0,1,1,0,1,0
1931704477,0,1,1,0,1,0
1948637954,0,1,1,0,1,0
2003319135,1,1,1,0,1,0
2013936642,0,1,1,0,1,0
2076255252,0,1,1,0,1,0
2173096294,1,1,1,0,1,0
2175686497,0,1,1,0,1,0
2176714344,1,1,1,0,1,0
2185323034,0,1,1,0,1,0
2219513610,0,1,1,0,1,0
2259880587,0,1,1,0,1,0
2292896411,0,1,1,0,1,0
2394420684,0,1,1,0,1,0
2426325675,1,1,1,0,1,0
2641973951,1,1,1,0,1,0
2921799343,0,1,1,0,1,0
3271855994,1,1,1,0,1,0
3840902209,1,1,1,0,1,0
5049932665,1,1,1,0,1,0
5237053116,1,1,1,0,1,0
6272613173,0,1,1,0,1,0
6524418706,0,1,1,0,1,0
6524697382,0,1,1,0,1,0
6592692916,0,1,1,0,1,0
7096189920,0,1,1,0,1,0
7161158619,1,1,1,0,1,0
7529786157,0,1,1,0,1,0
1708813312,0,1,0,0,1,1
1742494605,0,1,0,0,1,1
1762279597,0,1,0,0,1,1
1806646411,0,1,0,0,1,1
1881890475,0,1,0,0,1,1
1916333694,1,1,0,0,1,1
2010313647,0,1,0,0,1,1
2015183271,0,1,0,0,1,1
2039296051,0,1,0,0,1,1
2088581551,1,1,0,0,1,1
2141964513,1,1,0,0,1,1
2213852952,1,1,0,0,1,1
2249040870,1,1,0,0,1,1
2322699152,1,1,0,0,1,1
2416967903,0,1,0,0,1,1
2453101173,1,1,0,0,1,1
2454765851,1,1,0,0,1,1
2488355117,1,1,0,0,1,1
2549711684,1,1,0,0,1,1
2801467610,1,1,0,0,1,1
2812231775,1,1,0,0,1,1
2878115484,1,1,0,0,1,1
3001986840,1,1,0,0,1,1
3217974497,1,1,0,0,1,1
3225377512,1,1,0,0,1,1
3242158197,0,1,0,0,1,1
3256052093,1,1,0,0,1,1
3355021510,1,1,0,0,1,1
3357984530,1,1,0,0,1,1
3359245562,1,1,0,0,1,1
3379498974,1,1,0,0,1,1
3443851640,1,1,0,0,1,1
3488874287,1,1,0,0,1,1
3512836581,1,1,0,0,1,1
3540153945,1,1,0,0,1,1
3603478241,1,1,0,0,1,1
3652499857,1,1,0,0,1,1
3658029810,1,1,0,0,1,1
3669022182,1,1,0,0,1,1
3697383753,1,1,0,0,1,1
3699166284,1,1,0,0,1,1
3699175834,1,1,0,0,1,1
3781876734,1,1,0,0,1,1
3806199641,1,1,0,0,1,1
3815077818,1,1,0,0,1,1
3849030226,1,1,0,0,1,1
3878180922,1,1,0,0,1,1
3898037768,1,1,0,0,1,1
3911200331,1,1,0,0,1,1
3912707918,1,1,0,0,1,1
3925831483,1,1,0,0,1,1
3956561824,1,1,0,0,1,1
5042240803,1,1,0,0,1,1
5126842016,1,1,0,0,1,1
5170978127,1,1,0,0,1,1
5174377668,1,1,0,0,1,1
5177214158,1,1,0,0,1,1
5190441667,1,1,0,0,1,1
5198647703,1,1,0,0,1,1
5339538657,1,1,0,0,1,1
5361696317,1,1,0,0,1,1
5385579770,1,1,0,0,1,1
5388240201,0,1,0,0,1,1
5395116343,1,1,0,0,1,1
5430446235,1,1,0,0,1,1
5465305079,1,1,0,0,1,1
5500585112,1,1,0,0,1,1
5506132978,1,1,0,0,1,1
5553121725,1,1,0,0,1,1
5559226446,1,1,0,0,1,1
5559804050,1,1,0,0,1,1
5584436562,1,1,0,0,1,1
5611790711,0,1,0,0,1,1
5637718210,1,1,0,0,1,1
5657421525,1,1,0,0,1,1
5763593746,0,1,0,0,1,1
6051496898,0,1,0,0,1,1
6123193266,1,1,0,0,1,1
6167691229,1,1,0,0,1,1
6169387567,1,1,0,0,1,1
6267350071,1,1,0,0,1,1
6285362680,1,1,0,0,1,1
6336558648,1,1,0,0,1,1
6939757328,1,1,0,0,1,1
7206379042,1,1,0,0,1,1
7213742535,1,1,0,0,1,1
7281531303,0,1,0,0,1,1
7472681405,0,1,0,0,1,1
7583528622,0,1,0,0,1,1
7605525382,1,1,0,0,1,1
7615077673,1,1,0,0,1,1
1663884750,0,1,1,0,1,1
1680430844,0,1,1,0,1,1
1896456970,1,1,1,0,1,1
1989617012,1,1,1,0,1,1
2003290751,1,1,1,0,1,1
2052120021,1,1,1,0,1,1
2261390944,1,1,1,0,1,1
2268842982,1,1,1,0,1,1
2392909680,1,1,1,0,1,1
2516150701,1,1,1,0,1,1
2533574257,0,1,1,0,1,1
2553166167,1,1,1,0,1,1
2557155457,1,1,1,0,1,1
2697578042,1,1,1,0,1,1
6928813720,1,1,1,0,1,1
3360703570,1,1,0,2,1,1
6105864408,1,1,0,2,1,1
5964184998,1,1,1,2,1,1
1057775400,1,0,0,0,1,0
1065507653,1,0,0,0,1,0
1146777311,1,0,0,0,1,0
1275747621,0,0,0,0,1,0
1324343335,0,0,0,0,1,0
1359922744,1,0,0,0,1,0
1403147265,0,0,0,0,1,0
1566188461,0,0,0,0,1,0
1639150224,1,0,0,0,1,0
1641145823,0,0,0,0,1,0
1654081875,1,0,0,0,1,0
1659791311,0,0,0,0,1,0
1727572291,0,0,0,0,1,0
1753234175,0,0,0,0,1,0
1764220904,0,0,0,0,1,0
1777317934,0,0,0,0,1,0
1787043322,1,0,0,0,1,0
1840080763,0,0,0,0,1,0
1883240380,0,0,0,0,1,0
1886315393,0,0,0,0,1,0
1889750024,0,0,0,0,1,0
1907083277,0,0,0,0,1,0
1907500685,1,0,0,0,1,0
1908691000,1,0,0,0,1,0
1910370220,1,0,0,0,1,0
1912430493,1,0,0,0,1,0
1913079885,1,0,0,0,1,0
1919000695,1,0,0,0,1,0
1929953497,0,0,0,0,1,0
1960929313,0,0,0,0,1,0
1969078862,1,0,0,0,1,0
1969991021,1,0,0,0,1,0
1974177154,1,0,0,0,1,0
2013300081,0,0,0,0,1,0
2013431392,1,0,0,0,1,0
2026544132,1,0,0,0,1,0
2035413034,0,0,0,0,1,0
2035996144,1,0,0,0,1,0
2053494515,1,0,0,0,1,0
2053886377,1,0,0,0,1,0
2058212830,1,0,0,0,1,0
2072564685,1,0,0,0,1,0
2077210661,1,0,0,0,1,0
2088587975,1,0,0,0,1,0
2097297631,0,0,0,0,1,0
2109973885,1,0,0,0,1,0
2120131305,1,0,0,0,1,0
2121889774,0,0,0,0,1,0
2130830185,1,0,0,0,1,0
2140348227,1,0,0,0,1,0
2141922513,1,0,0,0,1,0
2203659104,1,0,0,0,1,0
2241183901,1,0,0,0,1,0
2245584801,1,0,0,0,1,0
2275003937,1,0,0,0,1,0
2280723025,0,0,0,0,1,0
2294153390,1,0,0,0,1,0
2294220693,0,0,0,0,1,0
2308904533,1,0,0,0,1,0
2308960223,1,0,0,0,1,0
2316271560,0,0,0,0,1,0
2355441347,0,0,0,0,1,0
2365535720,1,0,0,0,1,0
2376298682,1,0,0,0,1,0
2401556305,1,0,0,0,1,0
2402835272,1,0,0,0,1,0
2408098087,1,0,0,0,1,0
2415608027,0,0,0,0,1,0
2433075012,1,0,0,0,1,0
2439823223,1,0,0,0,1,0
2462872400,1,0,0,0,1,0
2498359580,1,0,0,0,1,0
2530014313,1,0,0,0,1,0
2552266107,1,0,0,0,1,0
2574043673,0,0,0,0,1,0
2593685892,0,0,0,0,1,0
2604223091,1,0,0,0,1,0
2604363821,1,0,0,0,1,0
2604857111,1,0,0,0,1,0
2614434247,0,0,0,0,1,0
2631050210,0,0,0,0,1,0
2634418921,1,0,0,0,1,0
2650836463,1,0,0,0,1,0
2658713773,1,0,0,0,1,0
2662050853,1,0,0,0,1,0
2663581903,1,0,0,0,1,0
2690502103,1,0,0,0,1,0
2711977302,1,0,0,0,1,0
2734615505,1,0,0,0,1,0
2739425243,1,0,0,0,1,0
2758931405,1,0,0,0,1,0
2768329867,1,0,0,0,1,0
2774404970,1,0,0,0,1,0
2784898031,1,0,0,0,1,0
2796112331,0,0,0,0,1,0
2809240460,1,0,0,0,1,0
2814619872,1,0,0,0,1,0
2826319254,0,0,0,0,1,0
2878405892,1,0,0,0,1,0
2895385130,1,0,0,0,1,0
2904759211,1,0,0,0,1,0
2919265652,1,0,0,0,1,0
2972578845,0,0,0,0,1,0
3058893701,1,0,0,0,1,0
3089308444,1,0,0,0,1,0
3143022404,0,0,0,0,1,0
3144706550,1,0,0,0,1,0
3172599694,1,0,0,0,1,0
3173643207,1,0,0,0,1,0
3183492405,1,0,0,0,1,0
3211064304,0,0,0,0,1,0
3212287183,1,0,0,0,1,0
3215082647,0,0,0,0,1,0
3215918151,1,0,0,0,1,0
3218964313,1,0,0,0,1,0
3254625337,1,0,0,0,1,0
3257466635,1,0,0,0,1,0
3302689634,1,0,0,0,1,0
3309551682,1,0,0,0,1,0
3373832900,1,0,0,0,1,0
3422616782,0,0,0,0,1,0
3440988370,1,0,0,0,1,0
3484305123,0,0,0,0,1,0
3497381674,1,0,0,0,1,0
3504088385,1,0,0,0,1,0
3516620660,0,0,0,0,1,0
3529856217,1,0,0,0,1,0
3543268681,0,0,0,0,1,0
3558497775,1,0,0,0,1,0
3558925725,1,0,0,0,1,0
3585793804,1,0,0,0,1,0
3624543863,1,0,0,0,1,0
3641480321,1,0,0,0,1,0
3662834174,1,0,0,0,1,0
3673047764,1,0,0,0,1,0
3699175327,1,0,0,0,1,0
3735095045,1,0,0,0,1,0
3760705624,1,0,0,0,1,0
3806199635,1,0,0,0,1,0
3841013199,0,0,0,0,1,0
3854515992,0,0,0,0,1,0
3880189580,1,0,0,0,1,0
5000753529,1,0,0,0,1,0
5013122364,1,0,0,0,1,0
5134190578,1,0,0,0,1,0
5176587048,1,0,0,0,1,0
5196192008,1,0,0,0,1,0
5274645521,1,0,0,0,1,0
5286142904,0,0,0,0,1,0
5289488345,0,0,0,0,1,0
5334301121,0,0,0,0,1,0
5432083658,1,0,0,0,1,0
5455903429,1,0,0,0,1,0
5492735309,1,0,0,0,1,0
5511593627,1,0,0,0,1,0
5571985733,1,0,0,0,1,0
5578387362,1,0,0,0,1,0
5590760430,1,0,0,0,1,0
5592228950,1,0,0,0,1,0
5606685323,1,0,0,0,1,0
5617894057,1,0,0,0,1,0
5620151036,1,0,0,0,1,0
5656913886,1,0,0,0,1,0
5658478840,1,0,0,0,1,0
5672404181,1,0,0,0,1,0
5678410620,1,0,0,0,1,0
5696766151,0,0,0,0,1,0
5702431721,0,0,0,0,1,0
5743120946,0,0,0,0,1,0
5787481830,1,0,0,0,1,0
5813728966,1,0,0,0,1,0
5813886779,1,0,0,0,1,0
5825368354,1,0,0,0,1,0
5846212742,1,0,0,0,1,0
5867666477,0,0,0,0,1,0
5883755378,0,0,0,0,1,0
5890040654,1,0,0,0,1,0
5901188135,1,0,0,0,1,0
5919802739,1,0,0,0,1,0
5928885763,1,0,0,0,1,0
6011309186,0,0,0,0,1,0
6047259248,1,0,0,0,1,0
6082395308,0,0,0,0,1,0
6144333953,1,0,0,0,1,0
6192604651,0,0,0,0,1,0
6196434586,1,0,0,0,1,0
6254309373,1,0,0,0,1,0
6314335664,1,0,0,0,1,0
6331555596,1,0,0,0,1,0
6409278496,1,0,0,0,1,0
6420878085,1,0,0,0,1,0
6433904499,1,0,0,0,1,0
6457605594,0,0,0,0,1,0
6505535617,0,0,0,0,1,0
6513177902,0,0,0,0,1,0
6519684994,1,0,0,0,1,0
6608580162,0,0,0,0,1,0
6615148662,0,0,0,0,1,0
6882161844,1,0,0,0,1,0
7049157766,0,0,0,0,1,0
7052930202,0,0,0,0,1,0
7215325607,1,0,0,0,1,0
7223648118,1,0,0,0,1,0
7310744124,0,0,0,0,1,0
7311913737,1,0,0,0,1,0
7542307435,1,0,0,0,1,0
7555427911,0,0,0,0,1,0
7576258004,0,0,0,0,1,0
7576655968,0,0,0,0,1,0
7596378100,0,0,0,0,1,0
7598575240,1,0,0,0,1,0
7598817749,0,0,0,0,1,0
7614822529,0,0,0,0,1,0
7621200229,0,0,0,0,1,0
7642029809,1,0,0,0,1,0
1058664381,1,0,1,0,1,0
1216388575,0,0,1,0,1,0
1636678683,0,0,1,0,1,0
1702183970,1,0,1,0,1,0
1713436155,1,0,1,0,1,0
1752180247,0,0,1,0,1,0
1774114510,0,0,1,0,1,0
1823184085,0,0,1,0,1,0
1829407315,0,0,1,0,1,0
1899621707,0,0,1,0,1,0
1909250714,1,0,1,0,1,0
1918939581,0,0,1,0,1,0
1941807832,0,0,1,0,1,0
1958132051,0,0,1,0,1,0
1958345371,1,0,1,0,1,0
2035428610,1,0,1,0,1,0
2085699127,1,0,1,0,1,0
2086994143,0,0,1,0,1,0
2098514845,1,0,1,0,1,0
2106435821,1,0,1,0,1,0
2233211910,1,0,1,0,1,0
2396585524,1,0,1,0,1,0
2419556981,0,0,1,0,1,0
2427077847,1,0,1,0,1,0
2515652420,0,0,1,0,1,0
2606046724,1,0,1,0,1,0
2696344613,0,0,1,0,1,0
2813313591,0,0,1,0,1,0
2831771102,0,0,1,0,1,0
3280632060,0,0,1,0,1,0
3469830734,0,0,1,0,1,0
3564009853,0,0,1,0,1,0
3729611330,1,0,1,0,1,0
5012384433,1,0,1,0,1,0
5186098344,1,0,1,0,1,0
5300969049,0,0,1,0,1,0
5307552992,0,0,1,0,1,0
5355973082,1,0,1,0,1,0
5712620962,0,0,1,0,1,0
6617689233,0,0,1,0,1,0
6697721130,0,0,1,0,1,0
7310345737,0,0,1,0,1,0
7354234663,0,0,1,0,1,0
1585419825,1,0,0,0,1,1
1727396834,0,0,0,0,1,1
1803701817,1,0,0,0,1,1
1830765004,0,0,0,0,1,1
1930020813,1,0,0,0,1,1
1935059844,1,0,0,0,1,1
1964198481,1,0,0,0,1,1
1994178507,1,0,0,0,1,1
2017691781,1,0,0,0,1,1
2038353515,1,0,0,0,1,1
2119138874,1,0,0,0,1,1
2218792451,1,0,0,0,1,1
2313754422,1,0,0,0,1,1
2358561864,1,0,0,0,1,1
2477287611,1,0,0,0,1,1
2504872014,1,0,0,0,1,1
2573565875,1,0,0,0,1,1
2610786607,1,0,0,0,1,1
2634247622,1,0,0,0,1,1
2650783751,1,0,0,0,1,1
2687256925,1,0,0,0,1,1
2880114044,1,0,0,0,1,1
2965006757,1,0,0,0,1,1
3011668790,1,0,0,0,1,1
3194639507,1,0,0,0,1,1
3222218860,0,0,0,0,1,1
3239055394,1,0,0,0,1,1
3293133693,0,0,0,0,1,1
3423681204,1,0,0,0,1,1
3529598222,1,0,0,0,1,1
3572718257,1,0,0,0,1,1
3809668428,1,0,0,0,1,1
3881851252,1,0,0,0,1,1
3916135466,1,0,0,0,1,1
3917182519,1,0,0,0,1,1
3977652730,1,0,0,0,1,1
3991633053,1,0,0,0,1,1
5035975121,1,0,0,0,1,1
5074476149,1,0,0,0,1,1
5075850400,1,0,0,0,1,1
5154653304,1,0,0,0,1,1
5156648270,1,0,0,0,1,1
5167174385,1,0,0,0,1,1
5208527486,1,0,0,0,1,1
5396402741,1,0,0,0,1,1
5452340616,1,0,0,0,1,1
5521582982,1,0,0,0,1,1
5562766319,1,0,0,0,1,1
5608713397,1,0,0,0,1,1
5632161507,1,0,0,0,1,1
5657962434,1,0,0,0,1,1
5712137307,1,0,0,0,1,1
5728773390,1,0,0,0,1,1
5819102282,1,0,0,0,1,1
5855547525,1,0,0,0,1,1
6050894051,1,0,0,0,1,1
6080556556,1,0,0,0,1,1
6440275392,1,0,0,0,1,1
6519474673,1,0,0,0,1,1
7095988966,1,0,0,0,1,1
7325255594,0,0,0,0,1,1
7439414709,0,0,0,0,1,1
1890733600,0,0,1,0,1,1
1929652370,1,0,1,0,1,1
1935474455,0,0,1,0,1,1
1990533543,1,0,1,0,1,1
2000090825,1,0,1,0,1,1
2094828101,1,0,1,0,1,1
2270636837,1,0,1,0,1,1
2553770907,1,0,1,0,1,1
2590508312,1,0,1,0,1,1
3695814584,1,0,1,0,1,1
1248924493,0,2,0,0,1,0
1365139517,1,2,0,0,1,0
1752863270,0,2,0,0,1,0
1824692883,1,2,0,0,1,0
1931219195,0,2,0,0,1,0
2094054333,0,2,0,0,1,0
2408563290,1,2,0,0,1,0
2633486440,1,2,0,0,1,0
2646882747,1,2,0,0,1,0
3066213245,0,2,0,0,1,0
3200353973,0,2,0,0,1,0
5114141941,1,2,0,0,1,0
5135473132,1,2,0,0,1,0
5299321460,1,2,0,0,1,0
5323597140,1,2,0,0,1,0
5453011460,1,2,0,0,1,0
5463935364,1,2,0,0,1,0
7214110652,1,2,0,0,1,0
2282053300,0,2,0,0,1,1
2575101417,1,2,0,0,1,1
2810632993,1,2,0,0,1,1
2930649824,0,2,0,0,1,1
3299203424,1,2,0,0,1,1
3460123060,1,2,0,0,1,1
3740356007,0,2,0,0,1,1
3912707599,1,2,0,0,1,1
3939926412,1,2,0,0,1,1
5345420764,1,2,0,0,1,1
5366876285,1,2,0,0,1,1
5619250349,1,2,0,0,1,1
5647529951,1,2,0,0,1,1
5648628585,1,2,0,0,1,1
5995918374,1,2,0,0,1,1
6040548110,1,2,0,0,1,1
1750353804,0,2,1,0,1,1
1403611582,0,1,2,0,1,0
1436469813,0,1,2,0,1,0
1592146353,0,1,2,0,1,0
1617264814,0,1,2,0,1,0
1685336690,0,1,2,0,1,0
1727747885,0,1,2,0,1,0
1789594967,0,1,2,0,1,0
1865504713,0,1,2,0,1,0
1895394815,0,1,2,0,1,0
1910019822,0,1,2,0,1,0
1923969675,0,1,2,0,1,0
1926641510,0,1,2,0,1,0
2010666107,0,1,2,0,1,0
2015135187,0,1,2,0,1,0
2031864307,0,1,2,0,1,0
2104693617,0,1,2,0,1,0
2115259662,0,1,2,0,1,0
2138697305,0,1,2,0,1,0
2192474323,0,1,2,0,1,0
2359224985,0,1,2,0,1,0
2640662852,0,1,2,0,1,0
3253939390,0,1,2,0,1,0
3814496761,1,1,2,0,1,0
5802482157,0,1,2,0,1,0
6020516658,0,1,2,0,1,0
6112949209,0,1,2,0,1,0
6253454836,0,1,2,0,1,0
1644358851,0,1,2,0,1,1
1718950972,0,1,2,0,1,1
1774215272,0,1,2,0,1,1
2208446650,0,1,2,0,1,1
2759348142,1,1,2,0,1,1
3120845115,0,1,2,0,1,1
6617200584,0,1,2,0,1,1
6706962218,0,1,2,0,1,1
1398613133,0,0,2,0,1,0
1570308924,1,0,2,0,1,0
1647210043,0,0,2,0,1,0
1663073073,0,0,2,0,1,0
1668216997,0,0,2,0,1,0
1704819467,0,0,2,0,1,0
1718259005,0,0,2,0,1,0
1727386613,0,0,2,0,1,0
1733592447,0,0,2,0,1,0
1764404507,0,0,2,0,1,0
1772293130,0,0,2,0,1,0
1791298665,0,0,2,0,1,0
1796542650,1,0,2,0,1,0
1798653494,0,0,2,0,1,0
1899227237,0,0,2,0,1,0
1906385094,0,0,2,0,1,0
1921066184,1,0,2,0,1,0
1962117985,0,0,2,0,1,0
2002474925,0,0,2,0,1,0
2012816014,0,0,2,0,1,0
2014034660,1,0,2,0,1,0
2042019413,0,0,2,0,1,0
2195600811,0,0,2,0,1,0
2311077472,0,0,2,0,1,0
2346031615,0,0,2,0,1,0
2358203003,1,0,2,0,1,0
2540184984,0,0,2,0,1,0
2540201414,1,0,2,0,1,0
2634384567,0,0,2,0,1,0
2760402625,1,0,2,0,1,0
2790685082,1,0,2,0,1,0
2953903975,1,0,2,0,1,0
3213983693,0,0,2,0,1,0
3215153127,0,0,2,0,1,0
5907970062,0,0,2,0,1,0
6536846182,0,0,2,0,1,0
7302431001,0,0,2,0,1,0
1938523582,0,0,2,0,1,1
2285465221,0,0,2,0,1,1
2312075675,0,0,2,0,1,1
3950759014,1,0,2,0,1,1
6351033817,0,0,2,0,1,1
2386798841,1,0,2,2,1,1
1737586512,0,2,2,0,1,0
2735973604,1,2,2,0,1,0
1644948230,0,2,2,2,1,1
2648904693,1,2,2,2,1,1
1626045813,0,1,0,1,1,0
1670738351,0,1,0,1,1,0
1813810847,0,1,0,1,1,0
1833616270,1,1,0,1,1,0
1845828625,0,1,0,1,1,0
1891719721,0,1,0,1,1,0
1973566625,1,1,0,1,1,0
1988189603,1,1,0,1,1,0
1989143312,1,1,0,1,1,0
2046576145,0,1,0,1,1,0
2049397345,1,1,0,1,1,0
2072558990,1,1,0,1,1,0
2088673305,1,1,0,1,1,0
2096389825,1,1,0,1,1,0
2104844584,0,1,0,1,1,0
2117703102,0,1,0,1,1,0
2137950223,0,1,0,1,1,0
2142660111,1,1,0,1,1,0
2231567412,1,1,0,1,1,0
2258223873,0,1,0,1,1,0
2273142634,1,1,0,1,1,0
2285814147,0,1,0,1,1,0
2286385060,0,1,0,1,1,0
2287769755,0,1,0,1,1,0
2290748247,1,1,0,1,1,0
2294821551,1,1,0,1,1,0
2318471704,1,1,0,1,1,0
2319195074,1,1,0,1,1,0
2434097414,1,1,0,1,1,0
2455432512,1,1,0,1,1,0
2464585024,1,1,0,1,1,0
2512254557,1,1,0,1,1,0
2608960961,1,1,0,1,1,0
2611712107,1,1,0,1,1,0
2682309333,1,1,0,1,1,0
2685126671,1,1,0,1,1,0
2707904340,1,1,0,1,1,0
2709898807,1,1,0,1,1,0
2795435707,1,1,0,1,1,0
2816136772,1,1,0,1,1,0
2821141604,0,1,0,1,1,0
2872918984,1,1,0,1,1,0
2881030352,1,1,0,1,1,0
2939671752,0,1,0,1,1,0
3172065541,1,1,0,1,1,0
3174933922,1,1,0,1,1,0
3194321757,1,1,0,1,1,0
3198141792,1,1,0,1,1,0
3205295640,0,1,0,1,1,0
3219745201,1,1,0,1,1,0
3271855184,1,1,0,1,1,0
3276879583,1,1,0,1,1,0
3360669980,1,1,0,1,1,0
3442980450,1,1,0,1,1,0
3464682334,0,1,0,1,1,0
3498275770,1,1,0,1,1,0
3500593277,1,1,0,1,1,0
3541728125,1,1,0,1,1,0
3697271680,0,1,0,1,1,0
3764094915,1,1,0,1,1,0
3832435795,1,1,0,1,1,0
3840904562,1,1,0,1,1,0
3840913812,1,1,0,1,1,0
3886230775,1,1,0,1,1,0
5109010241,1,1,0,1,1,0
5195964330,1,1,0,1,1,0
5234729257,0,1,0,1,1,0
5290717276,0,1,0,1,1,0
5331173004,1,1,0,1,1,0
5550357934,0,1,0,1,1,0
5608570600,1,1,0,1,1,0
5611246992,1,1,0,1,1,0
5664288603,1,1,0,1,1,0
5888410717,1,1,0,1,1,0
5909167185,1,1,0,1,1,0
5995072949,1,1,0,1,1,0
6079415126,0,1,0,1,1,0
6346468473,0,1,0,1,1,0
6493884343,0,1,0,1,1,0
6590248574,0,1,0,1,1,0
6679648127,1,1,0,1,1,0
7316513827,0,1,0,1,1,0
7458145751,0,1,0,1,1,0
7464359549,0,1,0,1,1,0
7571346388,0,1,0,1,1,0
1097019341,0,1,1,1,1,0
1226097130,0,1,1,1,1,0
1297954675,0,1,1,1,1,0
1655238055,0,1,1,1,1,0
1747173625,0,1,1,1,1,0
1750349220,0,1,1,1,1,0
1885637912,0,1,1,1,1,0
1887724290,0,1,1,1,1,0
1905653985,0,1,1,1,1,0
1913366611,0,1,1,1,1,0
1919999491,1,1,1,1,1,0
1966715680,0,1,1,1,1,0
1973967044,0,1,1,1,1,0
2003301941,1,1,1,1,1,0
2010395287,1,1,1,1,1,0
2037509875,0,1,1,1,1,0
2041117703,0,1,1,1,1,0
2109885920,0,1,1,1,1,0
2119083587,1,1,1,1,1,0
2164623652,1,1,1,1,1,0
2189375415,1,1,1,1,1,0
2290863022,1,1,1,1,1,0
2663751563,0,1,1,1,1,0
2703487521,1,1,1,1,1,0
2710498342,0,1,1,1,1,0
2723708584,1,1,1,1,1,0
2726406013,0,1,1,1,1,0
2841671163,0,1,1,1,1,0
2883768444,1,1,1,1,1,0
3222735304,0,1,1,1,1,0
3225365642,1,1,1,1,1,0
3253259703,1,1,1,1,1,0
5242156161,0,1,1,1,1,0
5607499943,1,1,1,1,1,0
5645893201,1,1,1,1,1,0
6502576408,0,1,1,1,1,0
6768303733,0,1,1,1,1,0
6901994610,0,1,1,1,1,0
1065190973,1,1,0,1,1,1
1132428807,0,1,0,1,1,1
1199516057,1,1,0,1,1,1
1211548525,1,1,0,1,1,1
1371189827,1,1,0,1,1,1
1721190852,0,1,0,1,1,1
1757565333,0,1,0,1,1,1
1760485657,0,1,0,1,1,1
1805087641,0,1,0,1,1,1
1833964422,1,1,0,1,1,1
1881124713,0,1,0,1,1,1
1893489274,1,1,0,1,1,1
1907647761,0,1,0,1,1,1
1920901005,1,1,0,1,1,1
1940053632,0,1,0,1,1,1
1956442760,1,1,0,1,1,1
1961543762,1,1,0,1,1,1
1963991363,0,1,0,1,1,1
1965632970,1,1,0,1,1,1
1972612031,1,1,0,1,1,1
1987674563,1,1,0,1,1,1
1988537197,0,1,0,1,1,1
2023821012,0,1,0,1,1,1
2028855327,1,1,0,1,1,1
2047649823,1,1,0,1,1,1
2049973013,1,1,0,1,1,1
2053964685,1,1,0,1,1,1
2055498195,1,1,0,1,1,1
2055544831,1,1,0,1,1,1
2068003790,1,1,0,1,1,1
2090472982,1,1,0,1,1,1
2097574847,1,1,0,1,1,1
2135280032,1,1,0,1,1,1
2200140524,1,1,0,1,1,1
2205262977,1,1,0,1,1,1
2205295854,1,1,0,1,1,1
2212028051,0,1,0,1,1,1
2212869385,1,1,0,1,1,1
2216517887,1,1,0,1,1,1
2216688114,1,1,0,1,1,1
2265571912,1,1,0,1,1,1
2286386250,0,1,0,1,1,1
2294868264,0,1,0,1,1,1
2297859895,1,1,0,1,1,1
2309030981,1,1,0,1,1,1
2425024961,1,1,0,1,1,1
2426300195,1,1,0,1,1,1
2429570273,1,1,0,1,1,1
2451949553,1,1,0,1,1,1
2451979163,1,1,0,1,1,1
2462580650,1,1,0,1,1,1
2464087714,1,1,0,1,1,1
2470123875,1,1,0,1,1,1
2479261571,1,1,0,1,1,1
2480052544,1,1,0,1,1,1
2530070655,1,1,0,1,1,1
2532123653,1,1,0,1,1,1
2534115874,1,1,0,1,1,1
2537441860,1,1,0,1,1,1
2549986264,1,1,0,1,1,1
2605287444,1,1,0,1,1,1
2609560782,1,1,0,1,1,1
2609576940,1,1,0,1,1,1
2616220302,1,1,0,1,1,1
2626472827,1,1,0,1,1,1
2650116747,1,1,0,1,1,1
2665629067,0,1,0,1,1,1
2674910821,1,1,0,1,1,1
2675070131,1,1,0,1,1,1
2676926163,1,1,0,1,1,1
2696049674,1,1,0,1,1,1
2740584771,1,1,0,1,1,1
2743450362,1,1,0,1,1,1
2768679215,1,1,0,1,1,1
2769635085,1,1,0,1,1,1
2781027274,0,1,0,1,1,1
2802959504,1,1,0,1,1,1
2814626914,1,1,0,1,1,1
2821669511,0,1,0,1,1,1
2884913132,1,1,0,1,1,1
2894982024,1,1,0,1,1,1
2945394960,1,1,0,1,1,1
2957833767,0,1,0,1,1,1
2969591131,1,1,0,1,1,1
3003665760,0,1,0,1,1,1
3009160464,0,1,0,1,1,1
3015078687,1,1,0,1,1,1
3052564797,1,1,0,1,1,1
3071506104,1,1,0,1,1,1
3123721630,1,1,0,1,1,1
3149590555,0,1,0,1,1,1
3158629034,1,1,0,1,1,1
3160207440,1,1,0,1,1,1
3168946765,1,1,0,1,1,1
3172300192,1,1,0,1,1,1
3177640383,0,1,0,1,1,1
3190998314,1,1,0,1,1,1
3192193400,1,1,0,1,1,1
3195647907,1,1,0,1,1,1
3228078342,1,1,0,1,1,1
3237812487,1,1,0,1,1,1
3244012052,0,1,0,1,1,1
3271839350,1,1,0,1,1,1
3417230380,1,1,0,1,1,1
3488860404,1,1,0,1,1,1
3489450883,1,1,0,1,1,1
3546709177,1,1,0,1,1,1
3649758140,1,1,0,1,1,1
3693534513,1,1,0,1,1,1
3719157290,1,1,0,1,1,1
3768751931,0,1,0,1,1,1
3856142061,1,1,0,1,1,1
3856174794,1,1,0,1,1,1
3900019299,1,1,0,1,1,1
3915472227,1,1,0,1,1,1
3939417761,1,1,0,1,1,1
3940204022,1,1,0,1,1,1
3951710017,1,1,0,1,1,1
3956635751,1,1,0,1,1,1
3961916368,1,1,0,1,1,1
3975786640,1,1,0,1,1,1
3976484565,1,1,0,1,1,1
5042313820,1,1,0,1,1,1
5043723586,1,1,0,1,1,1
5056608394,1,1,0,1,1,1
5091956958,1,1,0,1,1,1
5092088752,1,1,0,1,1,1
5121478758,1,1,0,1,1,1
5146889100,1,1,0,1,1,1
5156802832,1,1,0,1,1,1
5177167708,1,1,0,1,1,1
5178570128,1,1,0,1,1,1
5197532885,1,1,0,1,1,1
5199709563,1,1,0,1,1,1
5200462479,1,1,0,1,1,1
5213379204,1,1,0,1,1,1
5217310849,1,1,0,1,1,1
5236442064,1,1,0,1,1,1
5257847402,0,1,0,1,1,1
5269822571,1,1,0,1,1,1
5331390044,1,1,0,1,1,1
5334233196,1,1,0,1,1,1
5380882701,1,1,0,1,1,1
5385431433,1,1,0,1,1,1
5427392009,1,1,0,1,1,1
5430428342,1,1,0,1,1,1
5445766958,1,1,0,1,1,1
5463027264,1,1,0,1,1,1
5473941628,1,1,0,1,1,1
5481674352,1,1,0,1,1,1
5486700955,1,1,0,1,1,1
5558722309,1,1,0,1,1,1
5559215404,1,1,0,1,1,1
5561396163,1,1,0,1,1,1
5572134691,1,1,0,1,1,1
5594542318,1,1,0,1,1,1
5596261365,1,1,0,1,1,1
5596297890,1,1,0,1,1,1
5597448248,1,1,0,1,1,1
5610755802,1,1,0,1,1,1
5611022975,1,1,0,1,1,1
5611046370,1,1,0,1,1,1
5629741139,1,1,0,1,1,1
5639572273,1,1,0,1,1,1
5657993818,1,1,0,1,1,1
5661566460,1,1,0,1,1,1
5679231548,1,1,0,1,1,1
5703757400,1,1,0,1,1,1
5705310235,1,1,0,1,1,1
5724681072,1,1,0,1,1,1
5786983557,1,1,0,1,1,1
5828523965,1,1,0,1,1,1
5873139785,1,1,0,1,1,1
5880224699,1,1,0,1,1,1
5883193599,0,1,0,1,1,1
5884312810,0,1,0,1,1,1
5921199319,1,1,0,1,1,1
6017190878,1,1,0,1,1,1
6026502015,1,1,0,1,1,1
6042990975,1,1,0,1,1,1
6048429967,1,1,0,1,1,1
6155344804,1,1,0,1,1,1
6207911580,0,1,0,1,1,1
6259484379,1,1,0,1,1,1
6275620459,0,1,0,1,1,1
6321894695,1,1,0,1,1,1
6345028642,1,1,0,1,1,1
6358299627,1,1,0,1,1,1
6392886792,1,1,0,1,1,1
6401444784,1,1,0,1,1,1
6481500300,0,1,0,1,1,1
6568416443,1,1,0,1,1,1
6573411220,1,1,0,1,1,1
6582916739,1,1,0,1,1,1
6640396619,0,1,0,1,1,1
6849915621,1,1,0,1,1,1
7041951828,0,1,0,1,1,1
7168618354,1,1,0,1,1,1
7304210730,0,1,0,1,1,1
7305894481,1,1,0,1,1,1
7307981953,1,1,0,1,1,1
7375867159,1,1,0,1,1,1
7388946375,1,1,0,1,1,1
7479404791,1,1,0,1,1,1
7501230391,0,1,0,1,1,1
1400497892,0,1,1,1,1,1
1604159432,0,1,1,1,1,1
1644119190,0,1,1,1,1,1
1648953020,0,1,1,1,1,1
1667942985,0,1,1,1,1,1
1668695325,0,1,1,1,1,1
1685262231,0,1,1,1,1,1
1691507817,0,1,1,1,1,1
1692079024,0,1,1,1,1,1
1770545650,1,1,1,1,1,1
1789250890,1,1,1,1,1,1
1794749693,1,1,1,1,1,1
1843773975,0,1,1,1,1,1
1844275747,1,1,1,1,1,1
1893204962,1,1,1,1,1,1
1894371930,0,1,1,1,1,1
1900412195,1,1,1,1,1,1
1906570245,0,1,1,1,1,1
1906874803,1,1,1,1,1,1
1912715061,0,1,1,1,1,1
1935265547,1,1,1,1,1,1
1936959151,1,1,1,1,1,1
1942357207,1,1,1,1,1,1
1957274444,1,1,1,1,1,1
1964619957,1,1,1,1,1,1
1964974191,1,1,1,1,1,1
1967953043,1,1,1,1,1,1
1968909041,1,1,1,1,1,1
1980140617,1,1,1,1,1,1
1985630771,1,1,1,1,1,1
1991114285,0,1,1,1,1,1
1993390131,1,1,1,1,1,1
2022364304,0,1,1,1,1,1
2033266797,0,1,1,1,1,1
2050025717,1,1,1,1,1,1
2096558565,1,1,1,1,1,1
2112825082,1,1,1,1,1,1
2113500964,1,1,1,1,1,1
2138641665,0,1,1,1,1,1
2143914072,1,1,1,1,1,1
2233270392,1,1,1,1,1,1
2241948204,1,1,1,1,1,1
2258778610,1,1,1,1,1,1
2266453380,1,1,1,1,1,1
2286974611,1,1,1,1,1,1
2288248145,1,1,1,1,1,1
2294165474,1,1,1,1,1,1
2312821040,0,1,1,1,1,1
2337748750,1,1,1,1,1,1
2384152914,1,1,1,1,1,1
2403752844,1,1,1,1,1,1
2403912521,1,1,1,1,1,1
2442273073,1,1,1,1,1,1
2486023042,1,1,1,1,1,1
2490325853,0,1,1,1,1,1
2527687040,1,1,1,1,1,1
2538642904,1,1,1,1,1,1
2541763545,1,1,1,1,1,1
2588125414,1,1,1,1,1,1
2610594573,1,1,1,1,1,1
2620031961,1,1,1,1,1,1
2626309855,1,1,1,1,1,1
2626472787,1,1,1,1,1,1
2628314830,0,1,1,1,1,1
2639029341,1,1,1,1,1,1
2661691167,0,1,1,1,1,1
2685336121,0,1,1,1,1,1
2698282460,1,1,1,1,1,1
2703419987,1,1,1,1,1,1
2986699172,1,1,1,1,1,1
3042118660,1,1,1,1,1,1
3053154652,1,1,1,1,1,1
3106250394,1,1,1,1,1,1
3195538854,1,1,1,1,1,1
3198471403,0,1,1,1,1,1
3271857672,1,1,1,1,1,1
3323927000,1,1,1,1,1,1
3334142714,1,1,1,1,1,1
3354394424,1,1,1,1,1,1
3395129520,0,1,1,1,1,1
3445249020,1,1,1,1,1,1
3540607485,1,1,1,1,1,1
3582010354,1,1,1,1,1,1
3600956903,1,1,1,1,1,1
3606844282,1,1,1,1,1,1
3859770782,1,1,1,1,1,1
3912076973,1,1,1,1,1,1
5332219646,1,1,1,1,1,1
5367034453,1,1,1,1,1,1
5367768517,0,1,1,1,1,1
5404625835,1,1,1,1,1,1
5608027665,0,1,1,1,1,1
5618023639,1,1,1,1,1,1
5692872461,1,1,1,1,1,1
5872828878,1,1,1,1,1,1
5876889288,1,1,1,1,1,1
6067873008,1,1,1,1,1,1
6238983631,1,1,1,1,1,1
6248544856,0,1,1,1,1,1
6321540324,0,1,1,1,1,1
6443535879,0,1,1,1,1,1
6524697383,0,1,1,1,1,1
6750126856,0,1,1,1,1,1
7216381483,0,1,1,1,1,1
7335441449,0,1,1,1,1,1
7472808083,0,1,1,1,1,1
7590570074,0,1,1,1,1,1
7647806002,0,1,1,1,1,1
2482325401,1,1,1,3,1,1
1101010754,1,0,0,1,1,0
1117069645,0,0,0,1,1,0
1145981504,1,0,0,1,1,0
1160746241,0,0,0,1,1,0
1300978640,1,0,0,1,1,0
1314938863,1,0,0,1,1,0
1410948431,0,0,0,1,1,0
1686436650,0,0,0,1,1,0
1730491795,0,0,0,1,1,0
1797168385,1,0,0,1,1,0
1858983272,0,0,0,1,1,0
1859871684,0,0,0,1,1,0
1866178881,0,0,0,1,1,0
1905862701,1,0,0,1,1,0
1917366833,0,0,0,1,1,0
1918960820,0,0,0,1,1,0
1921556761,1,0,0,1,1,0
1979940183,0,0,0,1,1,0
1988752725,1,0,0,1,1,0
2005802051,1,0,0,1,1,0
2017036841,1,0,0,1,1,0
2034124252,1,0,0,1,1,0
2034225772,0,0,0,1,1,0
2084611243,1,0,0,1,1,0
2109849744,0,0,0,1,1,0
2119728672,1,0,0,1,1,0
2240446517,1,0,0,1,1,0
2244161812,1,0,0,1,1,0
2402252567,1,0,0,1,1,0
2426358581,1,0,0,1,1,0
2472970857,1,0,0,1,1,0
2473528064,1,0,0,1,1,0
2492437143,1,0,0,1,1,0
2565024591,1,0,0,1,1,0
2588125564,1,0,0,1,1,0
2612187695,1,0,0,1,1,0
2652595170,1,0,0,1,1,0
2676828957,0,0,0,1,1,0
2683684161,0,0,0,1,1,0
2709473301,0,0,0,1,1,0
2732415524,1,0,0,1,1,0
2749468964,1,0,0,1,1,0
2833515205,1,0,0,1,1,0
2854983060,1,0,0,1,1,0
2862148974,1,0,0,1,1,0
2895499890,1,0,0,1,1,0
3063200533,0,0,0,1,1,0
3160574860,1,0,0,1,1,0
3165101432,0,0,0,1,1,0
3166580017,1,0,0,1,1,0
3215096700,1,0,0,1,1,0
3270726990,1,0,0,1,1,0
3273385507,1,0,0,1,1,0
3329404852,1,0,0,1,1,0
3332882872,1,0,0,1,1,0
3422089982,1,0,0,1,1,0
3461474002,1,0,0,1,1,0
3599276677,0,0,0,1,1,0
3750110244,0,0,0,1,1,0
3861228581,1,0,0,1,1,0
3907706821,1,0,0,1,1,0
3925016283,1,0,0,1,1,0
3930794463,1,0,0,1,1,0
5044444356,1,0,0,1,1,0
5068742142,1,0,0,1,1,0
5083088522,1,0,0,1,1,0
5120492889,1,0,0,1,1,0
5130283166,1,0,0,1,1,0
5130310847,1,0,0,1,1,0
5139616569,1,0,0,1,1,0
5337694199,1,0,0,1,1,0
5359047537,1,0,0,1,1,0
5407351578,1,0,0,1,1,0
5460202851,1,0,0,1,1,0
5461191959,1,0,0,1,1,0
5462005118,1,0,0,1,1,0
5490935244,1,0,0,1,1,0
5496571663,1,0,0,1,1,0
5548943128,0,0,0,1,1,0
5647766894,1,0,0,1,1,0
5907419012,1,0,0,1,1,0
5921206877,1,0,0,1,1,0
5941819144,1,0,0,1,1,0
5953922777,1,0,0,1,1,0
6058816447,1,0,0,1,1,0
6085950831,1,0,0,1,1,0
6253103104,0,0,0,1,1,0
6272966047,0,0,0,1,1,0
6401103946,0,0,0,1,1,0
6490759463,0,0,0,1,1,0
6502039945,0,0,0,1,1,0
6509769339,1,0,0,1,1,0
6525943125,1,0,0,1,1,0
7341333792,1,0,0,1,1,0
7414967920,0,0,0,1,1,0
7439725104,1,0,0,1,1,0
7452392850,1,0,0,1,1,0
7539953238,0,0,0,1,1,0
7547571165,1,0,0,1,1,0
7576523960,0,0,0,1,1,0
7619841220,1,0,0,1,1,0
7628575891,0,0,0,1,1,0
1136178193,0,0,1,1,1,0
1403842922,0,0,1,1,1,0
1540243817,0,0,1,1,1,0
1562479250,0,0,1,1,1,0
1641245030,0,0,1,1,1,0
1678512213,0,0,1,1,1,0
1699377733,1,0,1,1,1,0
1709350393,1,0,1,1,1,0
1775638471,0,0,1,1,1,0
1815207383,0,0,1,1,1,0
1862760991,0,0,1,1,1,0
1916653155,0,0,1,1,1,0
1935074473,1,0,1,1,1,0
1936009361,1,0,1,1,1,0
1968352211,1,0,1,1,1,0
2049035730,1,0,1,1,1,0
2062400750,1,0,1,1,1,0
2153117015,0,0,1,1,1,0
2159765687,0,0,1,1,1,0
2217106561,0,0,1,1,1,0
2235490967,1,0,1,1,1,0
2240099322,1,0,1,1,1,0
2307882043,1,0,1,1,1,0
2417173301,1,0,1,1,1,0
2571494540,1,0,1,1,1,0
2590508280,1,0,1,1,1,0
2633651743,1,0,1,1,1,0
2659261621,0,0,1,1,1,0
2696044050,1,0,1,1,1,0
2710077380,1,0,1,1,1,0
2728483914,1,0,1,1,1,0
2874978364,1,0,1,1,1,0
3206657871,1,0,1,1,1,0
3328824184,1,0,1,1,1,0
3514408660,1,0,1,1,1,0
3927469685,1,0,1,1,1,0
5033508400,1,0,1,1,1,0
5341241739,0,0,1,1,1,0
5582931309,0,0,1,1,1,0
6304381077,0,0,1,1,1,0
6524418575,0,0,1,1,1,0
6619263525,0,0,1,1,1,0
1269957363,1,0,0,1,1,1
1307923317,1,0,0,1,1,1
1343698617,1,0,0,1,1,1
1455232643,0,0,0,1,1,1
1703691672,0,0,0,1,1,1
1733277123,0,0,0,1,1,1
1863328861,1,0,0,1,1,1
1910612140,0,0,0,1,1,1
1925878362,0,0,0,1,1,1
1937998434,1,0,0,1,1,1
1949428647,1,0,0,1,1,1
1987005371,1,0,0,1,1,1
2006763933,1,0,0,1,1,1
2051258110,0,0,0,1,1,1
2054757073,1,0,0,1,1,1
2087973903,1,0,0,1,1,1
2106849544,1,0,0,1,1,1
2130530335,0,0,0,1,1,1
2153760051,1,0,0,1,1,1
2197452570,1,0,0,1,1,1
2235240072,1,0,0,1,1,1
2240574632,0,0,0,1,1,1
2268116432,1,0,0,1,1,1
2309197523,1,0,0,1,1,1
2309793941,1,0,0,1,1,1
2317253835,1,0,0,1,1,1
2348130221,1,0,0,1,1,1
2359162503,1,0,0,1,1,1
2369553557,0,0,0,1,1,1
2450277590,1,0,0,1,1,1
2490139802,1,0,0,1,1,1
2504604003,1,0,0,1,1,1
2609976834,1,0,0,1,1,1
2619396720,1,0,0,1,1,1
2621965512,1,0,0,1,1,1
2635825471,1,0,0,1,1,1
2644275493,1,0,0,1,1,1
2653461592,1,0,0,1,1,1
2656053737,0,0,0,1,1,1
2673596491,1,0,0,1,1,1
2686283653,1,0,0,1,1,1
2710841053,1,0,0,1,1,1
2718782231,1,0,0,1,1,1
2729749110,1,0,0,1,1,1
2731831245,1,0,0,1,1,1
2921243364,1,0,0,1,1,1
2970723445,1,0,0,1,1,1
3019319754,0,0,0,1,1,1
3028170407,1,0,0,1,1,1
3077983172,1,0,0,1,1,1
3154595907,1,0,0,1,1,1
3201263820,0,0,0,1,1,1
3224076474,1,0,0,1,1,1
3274300483,1,0,0,1,1,1
3279245094,1,0,0,1,1,1
3307503492,1,0,0,1,1,1
3326710170,1,0,0,1,1,1
3361952722,1,0,0,1,1,1
3375311402,1,0,0,1,1,1
3422308042,1,0,0,1,1,1
3506758563,1,0,0,1,1,1
3512711357,1,0,0,1,1,1
3557414151,1,0,0,1,1,1
3633206074,1,0,0,1,1,1
3634080191,1,0,0,1,1,1
3639829653,1,0,0,1,1,1
3649799392,1,0,0,1,1,1
3652539895,1,0,0,1,1,1
3674007143,1,0,0,1,1,1
3682222534,1,0,0,1,1,1
3704685267,1,0,0,1,1,1
3918556037,1,0,0,1,1,1
3938812452,1,0,0,1,1,1
3963092958,1,0,0,1,1,1
3969407380,1,0,0,1,1,1
3974870414,1,0,0,1,1,1
5036269648,1,0,0,1,1,1
5040677736,1,0,0,1,1,1
5064283405,1,0,0,1,1,1
5066635908,1,0,0,1,1,1
5068486975,1,0,0,1,1,1
5071004654,1,0,0,1,1,1
5078185073,1,0,0,1,1,1
5085372780,1,0,0,1,1,1
5303340029,1,0,0,1,1,1
5341858893,1,0,0,1,1,1
5467859386,1,0,0,1,1,1
5475670809,1,0,0,1,1,1
5496837587,1,0,0,1,1,1
5539558550,1,0,0,1,1,1
5572895687,1,0,0,1,1,1
5592619233,1,0,0,1,1,1
5598160859,1,0,0,1,1,1
5637993437,1,0,0,1,1,1
5648883150,1,0,0,1,1,1
5658651146,1,0,0,1,1,1
5842177469,0,0,0,1,1,1
5871782170,0,0,0,1,1,1
5884985131,0,0,0,1,1,1
5888750010,0,0,0,1,1,1
5972831780,1,0,0,1,1,1
6011848593,1,0,0,1,1,1
6070857272,0,0,0,1,1,1
6164179248,1,0,0,1,1,1
6313391623,1,0,0,1,1,1
6469491058,1,0,0,1,1,1
6650459496,1,0,0,1,1,1
6860863702,0,0,0,1,1,1
6969736115,0,0,0,1,1,1
7306522290,1,0,0,1,1,1
7318763796,0,0,0,1,1,1
7337794444,1,0,0,1,1,1
7344171565,0,0,0,1,1,1
7418885402,1,0,0,1,1,1
1234499617,1,0,1,1,1,1
1266164102,1,0,1,1,1,1
1765891182,0,0,1,1,1,1
1870507381,0,0,1,1,1,1
1919769503,1,0,1,1,1,1
1927786044,0,0,1,1,1,1
1971263622,1,0,1,1,1,1
1973319807,1,0,1,1,1,1
1986358693,1,0,1,1,1,1
2022400835,1,0,1,1,1,1
2055576275,1,0,1,1,1,1
2115314043,1,0,1,1,1,1
2156372723,1,0,1,1,1,1
2292021850,1,0,1,1,1,1
2384122784,0,0,1,1,1,1
2407490951,1,0,1,1,1,1
2409743167,1,0,1,1,1,1
2665774271,1,0,1,1,1,1
2813391085,0,0,1,1,1,1
2948771574,1,0,1,1,1,1
3196417607,1,0,1,1,1,1
3203993120,1,0,1,1,1,1
3424054302,1,0,1,1,1,1
3562276267,1,0,1,1,1,1
3577025333,1,0,1,1,1,1
3687019147,1,0,1,1,1,1
3866097582,1,0,1,1,1,1
3912011602,1,0,1,1,1,1
5201375800,0,0,1,1,1,1
5241222068,1,0,1,1,1,1
5431447659,1,0,1,1,1,1
5444894547,0,0,1,1,1,1
5493832963,1,0,1,1,1,1
6221932120,0,0,1,1,1,1
7457132903,0,0,1,1,1,1
1274460913,0,2,0,1,1,0
1710226151,0,2,0,1,1,0
2164096520,0,2,0,1,1,0
2339634231,1,2,0,1,1,0
2394299024,0,2,0,1,1,0
2428943841,0,2,0,1,1,0
2586154864,1,2,0,1,1,0
2815478680,1,2,0,1,1,0
3268122913,0,2,0,1,1,0
3567412270,1,2,0,1,1,0
3767371870,1,2,0,1,1,0
3949090376,1,2,0,1,1,0
3972809759,1,2,0,1,1,0
5384801243,1,2,0,1,1,0
5522399953,1,2,0,1,1,0
5976510029,1,2,0,1,1,0
6213974274,0,2,0,1,1,0
6243817726,0,2,0,1,1,0
6502460797,1,2,0,1,1,0
6859129925,0,2,0,1,1,0
7126605018,0,2,0,1,1,0
1260407871,0,2,1,1,1,0
1750349240,0,2,1,1,1,0
1130284522,1,2,0,1,1,1
1359974471,0,2,0,1,1,1
1461331505,1,2,0,1,1,1
1479040710,0,2,0,1,1,1
1646080864,0,2,0,1,1,1
1732334542,0,2,0,1,1,1
1823507027,1,2,0,1,1,1
1867064437,1,2,0,1,1,1
1869865307,0,2,0,1,1,1
1912416573,0,2,0,1,1,1
1964323134,0,2,0,1,1,1
2029700693,0,2,0,1,1,1
2055690575,1,2,0,1,1,1
2082596927,1,2,0,1,1,1
2096303875,1,2,0,1,1,1
2104669543,0,2,0,1,1,1
2119985101,1,2,0,1,1,1
2138456601,1,2,0,1,1,1
2288595114,0,2,0,1,1,1
2313741042,1,2,0,1,1,1
2345852563,1,2,0,1,1,1
2414369130,1,2,0,1,1,1
2427032447,1,2,0,1,1,1
2451946993,1,2,0,1,1,1
2452004593,1,2,0,1,1,1
2470890693,1,2,0,1,1,1
2490306893,1,2,0,1,1,1
2519943690,1,2,0,1,1,1
2542815382,1,2,0,1,1,1
2588125620,1,2,0,1,1,1
2620648747,1,2,0,1,1,1
2643346122,1,2,0,1,1,1
2773591493,0,2,0,1,1,1
2836994014,0,2,0,1,1,1
2972503342,1,2,0,1,1,1
3199346627,1,2,0,1,1,1
3214879741,0,2,0,1,1,1
3306569760,1,2,0,1,1,1
3316714211,0,2,0,1,1,1
3334017434,1,2,0,1,1,1
3623597887,1,2,0,1,1,1
3697594187,1,2,0,1,1,1
3804173419,0,2,0,1,1,1
3841206585,1,2,0,1,1,1
3876342106,1,2,0,1,1,1
3885795212,1,2,0,1,1,1
3911617807,1,2,0,1,1,1
3924721943,1,2,0,1,1,1
3955261359,1,2,0,1,1,1
5065571660,1,2,0,1,1,1
5120552390,1,2,0,1,1,1
5120949236,1,2,0,1,1,1
5201566670,1,2,0,1,1,1
5328345103,1,2,0,1,1,1
5401012250,1,2,0,1,1,1
5430282517,1,2,0,1,1,1
5433898646,1,2,0,1,1,1
5489421971,1,2,0,1,1,1
5490667576,1,2,0,1,1,1
5500574305,1,2,0,1,1,1
5654253203,0,2,0,1,1,1
5710559612,1,2,0,1,1,1
5721142234,1,2,0,1,1,1
5725381863,1,2,0,1,1,1
5837974086,0,2,0,1,1,1
5878527193,1,2,0,1,1,1
5885640466,1,2,0,1,1,1
5917682202,1,2,0,1,1,1
5976894768,1,2,0,1,1,1
6008483913,1,2,0,1,1,1
6315206710,1,2,0,1,1,1
6463753619,1,2,0,1,1,1
6579033207,1,2,0,1,1,1
7152216835,1,2,0,1,1,1
7298488441,0,2,0,1,1,1
7303756411,0,2,0,1,1,1
1363502007,1,2,1,1,1,1
1667925927,0,2,1,1,1,1
1750349224,0,2,1,1,1,1
1838687261,0,2,1,1,1,1
1891503444,0,2,1,1,1,1
1896960904,1,2,1,1,1,1
1929676450,1,2,1,1,1,1
1965630820,1,2,1,1,1,1
1973910862,1,2,1,1,1,1
1996630484,1,2,1,1,1,1
1999472465,0,2,1,1,1,1
2013046764,0,2,1,1,1,1
2014117191,1,2,1,1,1,1
2093171887,1,2,1,1,1,1
2113717622,1,2,1,1,1,1
2137096053,0,2,1,1,1,1
2139684615,1,2,1,1,1,1
2183542485,0,2,1,1,1,1
2231627830,1,2,1,1,1,1
2258717480,1,2,1,1,1,1
2355658474,1,2,1,1,1,1
2608223021,1,2,1,1,1,1
2712601544,0,2,1,1,1,1
2815663917,0,2,1,1,1,1
3199717512,1,2,1,1,1,1
3217343880,1,2,1,1,1,1
3316876605,1,2,1,1,1,1
3356940544,1,2,1,1,1,1
3924812700,1,2,1,1,1,1
5094103156,1,2,1,1,1,1
5137261048,0,2,1,1,1,1
5182805750,1,2,1,1,1,1
5324777856,0,2,1,1,1,1
5637065453,0,2,1,1,1,1
5897816720,1,2,1,1,1,1
5908184802,1,2,1,1,1,1
6867368137,0,2,1,1,1,1
7299136456,0,2,1,1,1,1
1598078571,0,1,2,1,1,0
1656737654,0,1,2,1,1,0
1665450974,0,1,2,1,1,0
1678429834,0,1,2,1,1,0
1678528194,0,1,2,1,1,0
1704544512,0,1,2,1,1,0
1740952902,0,1,2,1,1,0
1750349192,0,1,2,1,1,0
1771650130,0,1,2,1,1,0
1774259814,0,1,2,1,1,0
1782599645,0,1,2,1,1,0
1796086707,0,1,2,1,1,0
1807058715,0,1,2,1,1,0
1838672663,0,1,2,1,1,0
1847251991,0,1,2,1,1,0
1856446532,0,1,2,1,1,0
1876265021,0,1,2,1,1,0
1879778060,0,1,2,1,1,0
1880087643,0,1,2,1,1,0
1891330474,0,1,2,1,1,0
1904947977,0,1,2,1,1,0
1905628462,0,1,2,1,1,0
1915096531,0,1,2,1,1,0
1918021250,0,1,2,1,1,0
1919072083,0,1,2,1,1,0
1920077735,1,1,2,1,1,0
1926786203,0,1,2,1,1,0
1957405325,1,1,2,1,1,0
1960601312,0,1,2,1,1,0
2081933265,1,1,2,1,1,0
2168499337,0,1,2,1,1,0
2200249730,0,1,2,1,1,0
2204033420,1,1,2,1,1,0
2207702064,1,1,2,1,1,0
2274567792,0,1,2,1,1,0
2355965410,0,1,2,1,1,0
2495530635,0,1,2,1,1,0
2541592687,1,1,2,1,1,0
2645654357,1,1,2,1,1,0
2722031203,1,1,2,1,1,0
2804827393,0,1,2,1,1,0
2900118455,0,1,2,1,1,0
2997829562,1,1,2,1,1,0
3170247223,0,1,2,1,1,0
3274822530,0,1,2,1,1,0
3502801212,0,1,2,1,1,0
3514732862,0,1,2,1,1,0
3919603060,0,1,2,1,1,0
5519666559,0,1,2,1,1,0
6040549176,0,1,2,1,1,0
6868583654,0,1,2,1,1,0
1058106635,0,1,2,1,1,1
1132422373,0,1,2,1,1,1
1155512370,1,1,2,1,1,1
1189617115,1,1,2,1,1,1
1259295385,0,1,2,1,1,1
1265998927,0,1,2,1,1,1
1357093700,0,1,2,1,1,1
1420157965,0,1,2,1,1,1
1506142182,0,1,2,1,1,1
1557605344,0,1,2,1,1,1
1577794853,0,1,2,1,1,1
1578839965,0,1,2,1,1,1
1614857442,0,1,2,1,1,1
1617499760,1,1,2,1,1,1
1623340585,0,1,2,1,1,1
1639498782,0,1,2,1,1,1
1642482194,0,1,2,1,1,1
1642632622,0,1,2,1,1,1
1642720480,0,1,2,1,1,1
1643971635,0,1,2,1,1,1
1649252577,0,1,2,1,1,1
1653460650,0,1,2,1,1,1
1653689003,0,1,2,1,1,1
1663612603,0,1,2,1,1,1
1664176597,0,1,2,1,1,1
1668589317,0,1,2,1,1,1
1668926483,0,1,2,1,1,1
1671068657,0,1,2,1,1,1
1675961211,0,1,2,1,1,1
1676228365,0,1,2,1,1,1
1681029540,0,1,2,1,1,1
1697698951,0,1,2,1,1,1
1698823241,0,1,2,1,1,1
1698857957,0,1,2,1,1,1
1699258907,0,1,2,1,1,1
1700087532,0,1,2,1,1,1
1702883112,0,1,2,1,1,1
1702896953,0,1,2,1,1,1
1702925432,0,1,2,1,1,1
1706406001,0,1,2,1,1,1
1708763410,0,1,2,1,1,1
1715196611,0,1,2,1,1,1
1718493627,0,1,2,1,1,1
1727472420,0,1,2,1,1,1
1730177302,0,1,2,1,1,1
1730243272,0,1,2,1,1,1
1735882701,1,1,2,1,1,1
1740555362,0,1,2,1,1,1
1744259092,0,1,2,1,1,1
1746067030,0,1,2,1,1,1
1750070171,0,1,2,1,1,1
1750344480,0,1,2,1,1,1
1750553234,0,1,2,1,1,1
1751714412,0,1,2,1,1,1
1752162633,0,1,2,1,1,1
1752549400,0,1,2,1,1,1
1761616742,1,1,2,1,1,1
1767961804,1,1,2,1,1,1
1774835215,0,1,2,1,1,1
1791805181,0,1,2,1,1,1
1805685140,0,1,2,1,1,1
1806503894,0,1,2,1,1,1
1807431510,0,1,2,1,1,1
1826017320,0,1,2,1,1,1
1846816274,0,1,2,1,1,1
1867571077,0,1,2,1,1,1
1882632930,0,1,2,1,1,1
1882716230,1,1,2,1,1,1
1892327960,0,1,2,1,1,1
1893761531,0,1,2,1,1,1
1893895632,0,1,2,1,1,1
1895096900,0,1,2,1,1,1
1895622611,0,1,2,1,1,1
1895697240,0,1,2,1,1,1
1897723622,1,1,2,1,1,1
1905912064,0,1,2,1,1,1
1912964267,0,1,2,1,1,1
1916780343,1,1,2,1,1,1
1917433500,1,1,2,1,1,1
1918830794,1,1,2,1,1,1
1919955065,1,1,2,1,1,1
1920359817,1,1,2,1,1,1
1926663481,1,1,2,1,1,1
1926909715,0,1,2,1,1,1
1929329727,0,1,2,1,1,1
1929496477,0,1,2,1,1,1
1931238691,0,1,2,1,1,1
1936119834,0,1,2,1,1,1
1943128881,1,1,2,1,1,1
1961718870,0,1,2,1,1,1
1962888943,1,1,2,1,1,1
1968407017,0,1,2,1,1,1
1971890623,0,1,2,1,1,1
1973743580,1,1,2,1,1,1
1977889537,1,1,2,1,1,1
1978054071,1,1,2,1,1,1
1986352853,1,1,2,1,1,1
1988438334,1,1,2,1,1,1
1988800805,0,1,2,1,1,1
1992613670,0,1,2,1,1,1
2014065671,1,1,2,1,1,1
2057392851,1,1,2,1,1,1
2072751944,1,1,2,1,1,1
2087169013,0,1,2,1,1,1
2108053230,0,1,2,1,1,1
2108237403,1,1,2,1,1,1
2115980191,1,1,2,1,1,1
2127460165,0,1,2,1,1,1
2140196951,1,1,2,1,1,1
2145917613,0,1,2,1,1,1
2167406082,0,1,2,1,1,1
2214800980,1,1,2,1,1,1
2216791820,0,1,2,1,1,1
2230631943,0,1,2,1,1,1
2257500342,1,1,2,1,1,1
2259661342,0,1,2,1,1,1
2268237752,1,1,2,1,1,1
2286092114,0,1,2,1,1,1
2311694415,0,1,2,1,1,1
2357213493,0,1,2,1,1,1
2359441912,0,1,2,1,1,1
2376534624,0,1,2,1,1,1
2384889627,1,1,2,1,1,1
2389641745,0,1,2,1,1,1
2418542712,1,1,2,1,1,1
2418724427,1,1,2,1,1,1
2489596935,1,1,2,1,1,1
2539867622,1,1,2,1,1,1
2590506090,1,1,2,1,1,1
2590508324,1,1,2,1,1,1
2607534827,1,1,2,1,1,1
2607972104,1,1,2,1,1,1
2608703882,1,1,2,1,1,1
2618638282,0,1,2,1,1,1
2632236847,0,1,2,1,1,1
2647971081,0,1,2,1,1,1
2660807713,0,1,2,1,1,1
2662494703,1,1,2,1,1,1
2713131601,0,1,2,1,1,1
2738546443,1,1,2,1,1,1
2752396553,1,1,2,1,1,1
2770589022,0,1,2,1,1,1
2780297340,0,1,2,1,1,1
2789194754,0,1,2,1,1,1
2815224714,0,1,2,1,1,1
2853016445,0,1,2,1,1,1
2860954042,1,1,2,1,1,1
2868676035,0,1,2,1,1,1
2892786960,1,1,2,1,1,1
3057540037,0,1,2,1,1,1
3163782211,1,1,2,1,1,1
3171944275,1,1,2,1,1,1
3181366165,0,1,2,1,1,1
3183107112,0,1,2,1,1,1
3194920592,1,1,2,1,1,1
3204836204,0,1,2,1,1,1
3229916011,0,1,2,1,1,1
3230238400,0,1,2,1,1,1
3267315877,1,1,2,1,1,1
3268047813,0,1,2,1,1,1
3363163410,0,1,2,1,1,1
3487447983,1,1,2,1,1,1
3552035584,0,1,2,1,1,1
3605364617,1,1,2,1,1,1
3787126342,0,1,2,1,1,1
3820915614,1,1,2,1,1,1
3823554401,1,1,2,1,1,1
3881380517,0,1,2,1,1,1
3901624042,0,1,2,1,1,1
3921730119,0,1,2,1,1,1
5018637328,1,1,2,1,1,1
5140353001,0,1,2,1,1,1
5211979483,1,1,2,1,1,1
5821241824,0,1,2,1,1,1
5864631680,0,1,2,1,1,1
6005843218,0,1,2,1,1,1
6077299654,0,1,2,1,1,1
6140533125,0,1,2,1,1,1
6179517662,0,1,2,1,1,1
6217683074,0,1,2,1,1,1
6315203766,0,1,2,1,1,1
6351705477,0,1,2,1,1,1
6393904893,0,1,2,1,1,1
7030322196,0,1,2,1,1,1
7073634525,1,1,2,1,1,1
7360592502,0,1,2,1,1,1
7567711638,0,1,2,1,1,1
1419645071,0,0,2,1,1,0
1642471052,0,0,2,1,1,0
1650096331,0,0,2,1,1,0
1737943044,0,0,2,1,1,0
1867038285,0,0,2,1,1,0
1884334303,0,0,2,1,1,0
1924842983,0,0,2,1,1,0
1937187173,1,0,2,1,1,0
1973634817,0,0,2,1,1,0
2013174105,1,0,2,1,1,0
2092312995,1,0,2,1,1,0
2128914281,1,0,2,1,1,0
2129452154,0,0,2,1,1,0
2175243340,0,0,2,1,1,0
2377006293,0,0,2,1,1,0
2481441215,0,0,2,1,1,0
2490830195,1,0,2,1,1,0
2568435544,1,0,2,1,1,0
2606243004,1,0,2,1,1,0
2622056220,0,0,2,1,1,0
2713876763,1,0,2,1,1,0
2976971705,0,0,2,1,1,0
3156358147,1,0,2,1,1,0
3201725574,0,0,2,1,1,0
3481045492,0,0,2,1,1,0
3675657612,0,0,2,1,1,0
5541011958,0,0,2,1,1,0
5703735355,0,0,2,1,1,0
1288429914,0,0,2,1,1,1
1343370153,1,0,2,1,1,1
1645578093,0,0,2,1,1,1
1645773865,0,0,2,1,1,1
1646512101,0,0,2,1,1,1
1675509012,0,0,2,1,1,1
1684012053,0,0,2,1,1,1
1703524110,0,0,2,1,1,1
1708922835,0,0,2,1,1,1
1729014640,0,0,2,1,1,1
1731930915,0,0,2,1,1,1
1737737970,0,0,2,1,1,1
1750987934,0,0,2,1,1,1
1752825395,0,0,2,1,1,1
1788500327,0,0,2,1,1,1
1842312240,0,0,2,1,1,1
1847582585,0,0,2,1,1,1
1871802012,1,0,2,1,1,1
1912222221,0,0,2,1,1,1
1914880192,0,0,2,1,1,1
1919857493,1,0,2,1,1,1
1959928052,0,0,2,1,1,1
2015316631,1,0,2,1,1,1
2038093491,0,0,2,1,1,1
2054900587,0,0,2,1,1,1
2087875965,0,0,2,1,1,1
2115973751,1,0,2,1,1,1
2170749461,1,0,2,1,1,1
2258833123,1,0,2,1,1,1
2282670150,1,0,2,1,1,1
2297936863,0,0,2,1,1,1
2342024544,0,0,2,1,1,1
2388955087,1,0,2,1,1,1
2418432711,1,0,2,1,1,1
2443459455,0,0,2,1,1,1
2501519087,1,0,2,1,1,1
2539961154,1,0,2,1,1,1
2619577243,0,0,2,1,1,1
2635818911,1,0,2,1,1,1
2892818962,1,0,2,1,1,1
2998045524,1,0,2,1,1,1
3037284894,0,0,2,1,1,1
3114175427,0,0,2,1,1,1
3142846247,1,0,2,1,1,1
3547932981,1,0,2,1,1,1
3592075834,1,0,2,1,1,1
3708524475,1,0,2,1,1,1
3757167087,1,0,2,1,1,1
3991933704,1,0,2,1,1,1
5031100920,1,0,2,1,1,1
5149608258,1,0,2,1,1,1
5515318644,0,0,2,1,1,1
6146072027,0,0,2,1,1,1
6344662785,0,0,2,1,1,1
6357519188,0,0,2,1,1,1
6529134123,0,0,2,1,1,1
6562512577,0,0,2,1,1,1
6715252094,0,0,2,1,1,1
7298805480,0,0,2,1,1,1
7322031033,0,0,2,1,1,1
2119628851,1,0,2,3,1,1
5053469079,1,0,2,3,1,1
1844967414,0,2,2,1,1,0
1872005590,0,2,2,1,1,0
1900661044,0,2,2,1,1,0
3242792887,0,2,2,1,1,0
1036713140,0,2,2,1,1,1
1231759973,0,2,2,1,1,1
1326410461,0,2,2,1,1,1
1368805177,0,2,2,1,1,1
1402977920,0,2,2,1,1,1
1641532820,0,2,2,1,1,1
1641561812,0,2,2,1,1,1
1644855075,0,2,2,1,1,1
1645705403,0,2,2,1,1,1
1650414555,0,2,2,1,1,1
1651428902,0,2,2,1,1,1
1683472727,0,2,2,1,1,1
1685715705,0,2,2,1,1,1
1688864597,0,2,2,1,1,1
1698784044,0,2,2,1,1,1
1701367442,1,2,2,1,1,1
1712686623,0,2,2,1,1,1
1718699234,1,2,2,1,1,1
1732739184,0,2,2,1,1,1
1732802301,0,2,2,1,1,1
1746692527,0,2,2,1,1,1
1750353854,0,2,2,1,1,1
1765373140,0,2,2,1,1,1
1785693845,1,2,2,1,1,1
1801817195,0,2,2,1,1,1
1830055592,0,2,2,1,1,1
1840551510,0,2,2,1,1,1
1847123567,0,2,2,1,1,1
1869124960,1,2,2,1,1,1
1879476167,0,2,2,1,1,1
1893278624,0,2,2,1,1,1
1896650227,0,2,2,1,1,1
1898050623,1,2,2,1,1,1
1898268644,0,2,2,1,1,1
1898495494,0,2,2,1,1,1
1898885525,0,2,2,1,1,1
1908194624,0,2,2,1,1,1
1913382117,0,2,2,1,1,1
1915671961,0,2,2,1,1,1
1919688583,1,2,2,1,1,1
1959182407,0,2,2,1,1,1
1960785875,0,2,2,1,1,1
1968863541,1,2,2,1,1,1
1974561081,0,2,2,1,1,1
1975995305,0,2,2,1,1,1
1988645095,0,2,2,1,1,1
1991123083,0,2,2,1,1,1
2000016880,0,2,2,1,1,1
2011445377,0,2,2,1,1,1
2034347300,0,2,2,1,1,1
2039753857,0,2,2,1,1,1
2043228245,1,2,2,1,1,1
2053061043,1,2,2,1,1,1
2113463832,1,2,2,1,1,1
2271051770,0,2,2,1,1,1
2443744521,1,2,2,1,1,1
2616360197,1,2,2,1,1,1
2620088113,0,2,2,1,1,1
2646963635,1,2,2,1,1,1
2707274307,1,2,2,1,1,1
2760296044,0,2,2,1,1,1
2967529507,0,2,2,1,1,1
2992050891,0,2,2,1,1,1
3215951873,0,2,2,1,1,1
3229962754,0,2,2,1,1,1
3365993480,0,2,2,1,1,1
3546332963,0,2,2,1,1,1
3840768703,0,2,2,1,1,1
5044511176,0,2,2,1,1,1
5182171545,0,2,2,1,1,1
5396094153,0,2,2,1,1,1
5401376278,0,2,2,1,1,1
7141087529,0,2,2,1,1,1
7572918188,0,2,2,1,1,1
1412137207,1,1,0,0,0,0
1652895194,0,1,0,0,0,0
1729845610,0,1,0,0,0,0
1730767452,0,1,0,0,0,0
1896055604,1,1,0,0,0,0
1914891324,0,1,0,0,0,0
1917078550,1,1,0,0,0,0
1926187794,0,1,0,0,0,0
1970611631,1,1,0,0,0,0
1992609200,1,1,0,0,0,0
1994238825,0,1,0,0,0,0
2021910305,1,1,0,0,0,0
2036022302,1,1,0,0,0,0
2049507924,1,1,0,0,0,0
2062204527,1,1,0,0,0,0
2093664591,1,1,0,0,0,0
2120077445,1,1,0,0,0,0
2155282905,1,1,0,0,0,0
2163644027,1,1,0,0,0,0
2178811917,1,1,0,0,0,0
2192461487,1,1,0,0,0,0
2218345744,1,1,0,0,0,0
2218663347,1,1,0,0,0,0
2233108592,1,1,0,0,0,0
2240920891,1,1,0,0,0,0
2255139900,0,1,0,0,0,0
2257544662,1,1,0,0,0,0
2281745534,1,1,0,0,0,0
2288064900,0,1,0,0,0,0
2299367455,1,1,0,0,0,0
2402249731,1,1,0,0,0,0
2411025931,1,1,0,0,0,0
2420408937,1,1,0,0,0,0
2423342553,1,1,0,0,0,0
2452056183,1,1,0,0,0,0
2461791043,1,1,0,0,0,0
2467763475,1,1,0,0,0,0
2467794115,1,1,0,0,0,0
2470643017,1,1,0,0,0,0
2493142094,1,1,0,0,0,0
2502659555,1,1,0,0,0,0
2503895875,1,1,0,0,0,0
2512963422,1,1,0,0,0,0
2550409690,1,1,0,0,0,0
2551296953,1,1,0,0,0,0
2552914691,1,1,0,0,0,0
2553737234,1,1,0,0,0,0
2557736524,1,1,0,0,0,0
2557906954,1,1,0,0,0,0
2626487695,1,1,0,0,0,0
2629024260,1,1,0,0,0,0
2635196410,1,1,0,0,0,0
2642648361,1,1,0,0,0,0
2663669233,1,1,0,0,0,0
2685099583,1,1,0,0,0,0
2710754267,1,1,0,0,0,0
2733778437,1,1,0,0,0,0
2789768027,1,1,0,0,0,0
2818227402,1,1,0,0,0,0
2872954622,1,1,0,0,0,0
2880950722,1,1,0,0,0,0
2963084140,1,1,0,0,0,0
2981336200,1,1,0,0,0,0
3005117634,0,1,0,0,0,0
3059310513,0,1,0,0,0,0
3161767823,1,1,0,0,0,0
3186302852,1,1,0,0,0,0
3215993314,1,1,0,0,0,0
3304073790,1,1,0,0,0,0
3310379064,1,1,0,0,0,0
3496357023,1,1,0,0,0,0
3511731577,1,1,0,0,0,0
3515307304,0,1,0,0,0,0
3515610192,1,1,0,0,0,0
3547931345,1,1,0,0,0,0
3560474441,1,1,0,0,0,0
3586881350,1,1,0,0,0,0
3605641842,1,1,0,0,0,0
3613529145,0,1,0,0,0,0
3618232124,1,1,0,0,0,0
3750122205,1,1,0,0,0,0
3806438282,1,1,0,0,0,0
3812106004,1,1,0,0,0,0
3851109706,0,1,0,0,0,0
3855467893,1,1,0,0,0,0
3900384085,1,1,0,0,0,0
3934655366,1,1,0,0,0,0
3937596775,1,1,0,0,0,0
3943532264,1,1,0,0,0,0
3950481501,1,1,0,0,0,0
3984138317,1,1,0,0,0,0
3989539873,1,1,0,0,0,0
5075043883,1,1,0,0,0,0
5118600252,0,1,0,0,0,0
5137474769,1,1,0,0,0,0
5165814474,1,1,0,0,0,0
5186856444,1,1,0,0,0,0
5209974177,1,1,0,0,0,0
5399459255,1,1,0,0,0,0
5431902472,1,1,0,0,0,0
5482022327,1,1,0,0,0,0
5492436063,1,1,0,0,0,0
5496244719,0,1,0,0,0,0
5501668108,1,1,0,0,0,0
5542650326,1,1,0,0,0,0
5583884795,1,1,0,0,0,0
5907979589,0,1,0,0,0,0
5917152446,1,1,0,0,0,0
5920802057,1,1,0,0,0,0
5921185193,1,1,0,0,0,0
5933670612,1,1,0,0,0,0
6065802426,1,1,0,0,0,0
6072688701,1,1,0,0,0,0
6077802033,1,1,0,0,0,0
6109428342,1,1,0,0,0,0
6204166582,1,1,0,0,0,0
6212532052,0,1,0,0,0,0
6219202991,0,1,0,0,0,0
6254583261,1,1,0,0,0,0
6372873842,0,1,0,0,0,0
6470481768,1,1,0,0,0,0
6494754617,0,1,0,0,0,0
6575024236,1,1,0,0,0,0
6602686515,1,1,0,0,0,0
6619289680,0,1,0,0,0,0
6891231323,0,1,0,0,0,0
6933040093,1,1,0,0,0,0
7140398611,0,1,0,0,0,0
7205915083,1,1,0,0,0,0
7238845741,0,1,0,0,0,0
7287426572,0,1,0,0,0,0
7332754356,1,1,0,0,0,0
7434761075,0,1,0,0,0,0
7457615927,0,1,0,0,0,0
7475215901,0,1,0,0,0,0
7484270293,1,1,0,0,0,0
7506173308,0,1,0,0,0,0
7549464687,0,1,0,0,0,0
7566957306,1,1,0,0,0,0
7607641590,1,1,0,0,0,0
7614736215,1,1,0,0,0,0
7622509067,0,1,0,0,0,0
1048717800,0,1,1,0,0,0
1879179857,0,1,1,0,0,0
2085931962,0,1,1,0,0,0
2106731774,0,1,1,0,0,0
2300279655,0,1,1,0,0,0
2729129850,0,1,1,0,0,0
2773976700,0,1,1,0,0,0
5378837875,0,1,1,0,0,0
5705839574,1,1,1,0,0,0
1131313904,1,1,0,0,0,1
2030874785,1,1,0,0,0,1
2053990867,1,1,0,0,0,1
2316360877,1,1,0,0,0,1
2419711391,1,1,0,0,0,1
2665548263,1,1,0,0,0,1
2733916771,1,1,0,0,0,1
2809198094,1,1,0,0,0,1
2915744911,1,1,0,0,0,1
3413019662,1,1,0,0,0,1
3460580442,1,1,0,0,0,1
3501312781,1,1,0,0,0,1
3687050977,1,1,0,0,0,1
5134574158,1,1,0,0,0,1
5175962664,1,1,0,0,0,1
5185280093,1,1,0,0,0,1
5270834731,1,1,0,0,0,1
5476071411,1,1,0,0,0,1
5559711500,1,1,0,0,0,1
5643987943,1,1,0,0,0,1
5703428315,0,1,0,0,0,1
5968543924,1,1,0,0,0,1
6190039067,1,1,0,0,0,1
6656154299,1,1,0,0,0,1
6722078326,1,1,0,0,0,1
6839497817,1,1,0,0,0,1
1075970297,0,0,0,0,0,0
1097571394,1,0,0,0,0,0
1144284995,1,0,0,0,0,0
1304020390,1,0,0,0,0,0
1377153094,1,0,0,0,0,0
1461356972,1,0,0,0,0,0
1573841811,1,0,0,0,0,0
1605622705,0,0,0,0,0,0
1682742555,0,0,0,0,0,0
1708468357,1,0,0,0,0,0
1732652540,0,0,0,0,0,0
1748243474,1,0,0,0,0,0
1769994517,1,0,0,0,0,0
1797237782,1,0,0,0,0,0
1798920157,0,0,0,0,0,0
1819679547,1,0,0,0,0,0
1820590593,1,0,0,0,0,0
1821870413,0,0,0,0,0,0
1827021883,0,0,0,0,0,0
1832658924,1,0,0,0,0,0
1846613483,1,0,0,0,0,0
1847481772,0,0,0,0,0,0
1893369911,1,0,0,0,0,0
1905613727,1,0,0,0,0,0
1905936593,1,0,0,0,0,0
1906187785,1,0,0,0,0,0
1909829032,0,0,0,0,0,0
1916472400,1,0,0,0,0,0
1932461307,0,0,0,0,0,0
1934444607,1,0,0,0,0,0
1936090780,1,0,0,0,0,0
1946148870,1,0,0,0,0,0
1958364514,1,0,0,0,0,0
1958420740,1,0,0,0,0,0
1974320284,1,0,0,0,0,0
2010932112,0,0,0,0,0,0
2014078830,1,0,0,0,0,0
2017456083,0,0,0,0,0,0
2028748135,1,0,0,0,0,0
2033165982,1,0,0,0,0,0
2035926712,1,0,0,0,0,0
2039278895,1,0,0,0,0,0
2057867590,1,0,0,0,0,0
2061362543,1,0,0,0,0,0
2075755567,1,0,0,0,0,0
2076166751,1,0,0,0,0,0
2085453783,1,0,0,0,0,0
2086001763,1,0,0,0,0,0
2095260691,1,0,0,0,0,0
2097174010,0,0,0,0,0,0
2100774680,0,0,0,0,0,0
2102151297,0,0,0,0,0,0
2104912934,1,0,0,0,0,0
2109678043,1,0,0,0,0,0
2113792964,1,0,0,0,0,0
2113796664,1,0,0,0,0,0
2129242380,1,0,0,0,0,0
2131593523,0,0,0,0,0,0
2131691740,1,0,0,0,0,0
2136099053,1,0,0,0,0,0
2136477543,1,0,0,0,0,0
2142423461,0,0,0,0,0,0
2146751955,0,0,0,0,0,0
2157807813,1,0,0,0,0,0
2175830437,1,0,0,0,0,0
2177086724,1,0,0,0,0,0
2177931975,1,0,0,0,0,0
2187572815,1,0,0,0,0,0
2208511471,0,0,0,0,0,0
2215926892,1,0,0,0,0,0
2236136725,1,0,0,0,0,0
2243785533,0,0,0,0,0,0
2255059503,1,0,0,0,0,0
2255330512,1,0,0,0,0,0
2295369103,1,0,0,0,0,0
2297223295,1,0,0,0,0,0
2298844382,1,0,0,0,0,0
2299211261,1,0,0,0,0,0
2315534114,0,0,0,0,0,0
2316268360,1,0,0,0,0,0
2344169260,0,0,0,0,0,0
2358982884,0,0,0,0,0,0
2377359842,1,0,0,0,0,0
2381872931,0,0,0,0,0,0
2417560735,0,0,0,0,0,0
2419711491,1,0,0,0,0,0
2420475707,1,0,0,0,0,0
2420475747,1,0,0,0,0,0
2428992302,1,0,0,0,0,0
2440074651,1,0,0,0,0,0
2458218133,1,0,0,0,0,0
2466136920,1,0,0,0,0,0
2480072672,0,0,0,0,0,0
2481705893,1,0,0,0,0,0
2501780563,1,0,0,0,0,0
2503848121,1,0,0,0,0,0
2504014655,1,0,0,0,0,0
2504631487,1,0,0,0,0,0
2506759513,1,0,0,0,0,0
2516546215,0,0,0,0,0,0
2527302834,1,0,0,0,0,0
2538567791,0,0,0,0,0,0
2539279884,1,0,0,0,0,0
2539377204,1,0,0,0,0,0
2542183403,1,0,0,0,0,0
2549143183,1,0,0,0,0,0
2549737992,1,0,0,0,0,0
2551964902,0,0,0,0,0,0
2552344210,1,0,0,0,0,0
2553602585,1,0,0,0,0,0
2556927071,0,0,0,0,0,0
2570672444,1,0,0,0,0,0
2572182777,0,0,0,0,0,0
2593680211,1,0,0,0,0,0
2595703554,1,0,0,0,0,0
2605220485,1,0,0,0,0,0
2607959112,1,0,0,0,0,0
2621516563,0,0,0,0,0,0
2628397387,1,0,0,0,0,0
2628470685,0,0,0,0,0,0
2628613102,1,0,0,0,0,0
2629424430,1,0,0,0,0,0
2634386942,1,0,0,0,0,0
2635280692,1,0,0,0,0,0
2636324881,1,0,0,0,0,0
2637031565,0,0,0,0,0,0
2645846213,1,0,0,0,0,0
2648076881,1,0,0,0,0,0
2653640942,1,0,0,0,0,0
2654629783,1,0,0,0,0,0
2661059893,1,0,0,0,0,0
2661133564,1,0,0,0,0,0
2673559193,1,0,0,0,0,0
2683697150,1,0,0,0,0,0
2683776213,1,0,0,0,0,0
2701662064,1,0,0,0,0,0
2703188161,1,0,0,0,0,0
2707566740,1,0,0,0,0,0
2710664880,1,0,0,0,0,0
2712205020,1,0,0,0,0,0
2717998533,1,0,0,0,0,0
2718529823,1,0,0,0,0,0
2726102391,1,0,0,0,0,0
2729232002,1,0,0,0,0,0
2729830305,1,0,0,0,0,0
2732997450,1,0,0,0,0,0
2733883761,0,0,0,0,0,0
2736030645,1,0,0,0,0,0
2768327363,1,0,0,0,0,0
2769646261,1,0,0,0,0,0
2793242114,1,0,0,0,0,0
2798528450,1,0,0,0,0,0
2799877602,1,0,0,0,0,0
2804950694,0,0,0,0,0,0
2815932080,1,0,0,0,0,0
2823855364,1,0,0,0,0,0
2851288512,0,0,0,0,0,0
2856574623,1,0,0,0,0,0
2861017352,1,0,0,0,0,0
2867360410,1,0,0,0,0,0
2870840471,1,0,0,0,0,0
2872565362,1,0,0,0,0,0
2875455054,0,0,0,0,0,0
2880246932,1,0,0,0,0,0
2881224752,1,0,0,0,0,0
2891747943,1,0,0,0,0,0
2964906164,1,0,0,0,0,0
2972474694,1,0,0,0,0,0
2995901580,1,0,0,0,0,0
3030787257,1,0,0,0,0,0
3045822553,1,0,0,0,0,0
3048088301,0,0,0,0,0,0
3064596053,1,0,0,0,0,0
3089846113,0,0,0,0,0,0
3096144867,0,0,0,0,0,0
3104796307,1,0,0,0,0,0
3114691553,0,0,0,0,0,0
3131376800,1,0,0,0,0,0
3147846720,1,0,0,0,0,0
3158981002,0,0,0,0,0,0
3172308442,0,0,0,0,0,0
3173645747,1,0,0,0,0,0
3174920635,1,0,0,0,0,0
3189210427,0,0,0,0,0,0
3224127580,1,0,0,0,0,0
3226859872,1,0,0,0,0,0
3229852852,1,0,0,0,0,0
3241359300,1,0,0,0,0,0
3243486842,1,0,0,0,0,0
3279129197,1,0,0,0,0,0
3297968502,1,0,0,0,0,0
3305054152,0,0,0,0,0,0
3305672612,1,0,0,0,0,0
3335089934,1,0,0,0,0,0
3378356304,0,0,0,0,0,0
3425520360,1,0,0,0,0,0
3449092772,1,0,0,0,0,0
3468372884,1,0,0,0,0,0
3480506330,1,0,0,0,0,0
3486040040,1,0,0,0,0,0
3498389191,1,0,0,0,0,0
3500417864,1,0,0,0,0,0
3502828934,0,0,0,0,0,0
3503947005,1,0,0,0,0,0
3544406934,0,0,0,0,0,0
3546633155,0,0,0,0,0,0
3546862743,1,0,0,0,0,0
3550105603,1,0,0,0,0,0
3557128841,1,0,0,0,0,0
3594781514,0,0,0,0,0,0
3613537570,1,0,0,0,0,0
3655890845,1,0,0,0,0,0
3661364991,0,0,0,0,0,0
3700644283,0,0,0,0,0,0
3703694691,1,0,0,0,0,0
3704995720,1,0,0,0,0,0
3707142207,0,0,0,0,0,0
3746607642,1,0,0,0,0,0
3811559344,1,0,0,0,0,0
3837145562,1,0,0,0,0,0
3844733372,1,0,0,0,0,0
3846487316,1,0,0,0,0,0
3853685339,0,0,0,0,0,0
3869451988,1,0,0,0,0,0
3870710436,1,0,0,0,0,0
3881282682,1,0,0,0,0,0
3891991160,0,0,0,0,0,0
3893196853,1,0,0,0,0,0
3898091811,1,0,0,0,0,0
3906619742,1,0,0,0,0,0
3913715620,1,0,0,0,0,0
3917479666,1,0,0,0,0,0
3921809579,1,0,0,0,0,0
3940421544,1,0,0,0,0,0
3948683157,1,0,0,0,0,0
3951497952,1,0,0,0,0,0
3960077066,1,0,0,0,0,0
3960547371,1,0,0,0,0,0
3969514895,1,0,0,0,0,0
3972639153,1,0,0,0,0,0
3977467513,1,0,0,0,0,0
3977808428,1,0,0,0,0,0
5041063756,1,0,0,0,0,0
5050953575,1,0,0,0,0,0
5077694496,0,0,0,0,0,0
5091698763,1,0,0,0,0,0
5097588665,1,0,0,0,0,0
5110126116,0,0,0,0,0,0
5119756183,1,0,0,0,0,0
5127914121,1,0,0,0,0,0
5142232485,1,0,0,0,0,0
5144353211,1,0,0,0,0,0
5147125619,1,0,0,0,0,0
5149820613,1,0,0,0,0,0
5170502995,1,0,0,0,0,0
5174468139,1,0,0,0,0,0
5174680583,1,0,0,0,0,0
5185740671,1,0,0,0,0,0
5195905155,1,0,0,0,0,0
5199661953,1,0,0,0,0,0
5201557685,1,0,0,0,0,0
5202247631,1,0,0,0,0,0
5218198569,1,0,0,0,0,0
5227278764,1,0,0,0,0,0
5231110730,1,0,0,0,0,0
5244396170,1,0,0,0,0,0
5257523581,1,0,0,0,0,0
5262218278,0,0,0,0,0,0
5308952443,1,0,0,0,0,0
5321661068,1,0,0,0,0,0
5328770029,0,0,0,0,0,0
5344841934,1,0,0,0,0,0
5345881681,1,0,0,0,0,0
5347522903,1,0,0,0,0,0
5357394908,1,0,0,0,0,0
5358376439,0,0,0,0,0,0
5359411761,1,0,0,0,0,0
5360584156,1,0,0,0,0,0
5369958668,1,0,0,0,0,0
5400034469,1,0,0,0,0,0
5412034672,1,0,0,0,0,0
5438252453,1,0,0,0,0,0
5445733867,1,0,0,0,0,0
5448091337,1,0,0,0,0,0
5448875689,1,0,0,0,0,0
5453854181,1,0,0,0,0,0
5455970373,1,0,0,0,0,0
5460132470,0,0,0,0,0,0
5465642279,1,0,0,0,0,0
5500168113,1,0,0,0,0,0
5517617554,1,0,0,0,0,0
5533548092,0,0,0,0,0,0
5535405748,0,0,0,0,0,0
5549303477,1,0,0,0,0,0
5552719409,1,0,0,0,0,0
5570239535,1,0,0,0,0,0
5571701828,0,0,0,0,0,0
5573637841,1,0,0,0,0,0
5587961094,1,0,0,0,0,0
5591087558,1,0,0,0,0,0
5602045566,0,0,0,0,0,0
5605501387,1,0,0,0,0,0
5607949102,1,0,0,0,0,0
5608237178,0,0,0,0,0,0
5611022893,1,0,0,0,0,0
5632117481,1,0,0,0,0,0
5633055981,0,0,0,0,0,0
5634737637,1,0,0,0,0,0
5645914761,1,0,0,0,0,0
5652778771,1,0,0,0,0,0
5653146796,1,0,0,0,0,0
5653412115,1,0,0,0,0,0
5654362399,1,0,0,0,0,0
5712132306,1,0,0,0,0,0
5727251238,1,0,0,0,0,0
5732764009,1,0,0,0,0,0
5733670322,1,0,0,0,0,0
5750479154,0,0,0,0,0,0
5752551335,1,0,0,0,0,0
5765525946,1,0,0,0,0,0
5832495411,0,0,0,0,0,0
5866381401,0,0,0,0,0,0
5872960861,0,0,0,0,0,0
5884880324,1,0,0,0,0,0
5910209026,1,0,0,0,0,0
5916922776,1,0,0,0,0,0
5919503347,1,0,0,0,0,0
5920690609,1,0,0,0,0,0
5921072654,1,0,0,0,0,0
5922617124,1,0,0,0,0,0
5926394072,1,0,0,0,0,0
5937846375,1,0,0,0,0,0
5937997136,1,0,0,0,0,0
5942046328,1,0,0,0,0,0
5972804252,1,0,0,0,0,0
5973697726,1,0,0,0,0,0
5973707140,1,0,0,0,0,0
5979095879,0,0,0,0,0,0
5983324736,1,0,0,0,0,0
5991811187,1,0,0,0,0,0
5996036910,0,0,0,0,0,0
5997272147,0,0,0,0,0,0
6014191297,1,0,0,0,0,0
6083245339,1,0,0,0,0,0
6083461336,1,0,0,0,0,0
6083525576,1,0,0,0,0,0
6086633330,0,0,0,0,0,0
6092162496,0,0,0,0,0,0
6141567131,1,0,0,0,0,0
6154333526,0,0,0,0,0,0
6211094932,1,0,0,0,0,0
6224464042,1,0,0,0,0,0
6270937510,1,0,0,0,0,0
6273082190,1,0,0,0,0,0
6314583176,0,0,0,0,0,0
6322729435,1,0,0,0,0,0
6351344148,1,0,0,0,0,0
6367648290,0,0,0,0,0,0
6401320617,1,0,0,0,0,0
6402541931,1,0,0,0,0,0
6411650557,1,0,0,0,0,0
6415797919,0,0,0,0,0,0
6451746664,0,0,0,0,0,0
6568854262,0,0,0,0,0,0
6589825840,1,0,0,0,0,0
6642214683,1,0,0,0,0,0
6727900080,1,0,0,0,0,0
6854611790,1,0,0,0,0,0
6931869109,1,0,0,0,0,0
6941790656,1,0,0,0,0,0
6996438563,1,0,0,0,0,0
7005133472,0,0,0,0,0,0
7122634086,0,0,0,0,0,0
7141213574,0,0,0,0,0,0
7198562828,1,0,0,0,0,0
7202439638,0,0,0,0,0,0
7221168915,0,0,0,0,0,0
7230229639,0,0,0,0,0,0
7276179426,1,0,0,0,0,0
7281757190,1,0,0,0,0,0
7300187284,1,0,0,0,0,0
7324816130,1,0,0,0,0,0
7327122023,0,0,0,0,0,0
7379536574,1,0,0,0,0,0
7413870861,0,0,0,0,0,0
7418517114,0,0,0,0,0,0
7453451092,1,0,0,0,0,0
7491728684,0,0,0,0,0,0
7496227484,1,0,0,0,0,0
7501277582,0,0,0,0,0,0
7504418402,0,0,0,0,0,0
7514477914,0,0,0,0,0,0
7517487422,1,0,0,0,0,0
7539384147,1,0,0,0,0,0
7553080225,1,0,0,0,0,0
7566456548,1,0,0,0,0,0
7576391546,0,0,0,0,0,0
7576391880,0,0,0,0,0,0
7576522909,0,0,0,0,0,0
7576524098,0,0,0,0,0,0
7579206330,0,0,0,0,0,0
7592287130,1,0,0,0,0,0
7609642465,1,0,0,0,0,0
7610426357,0,0,0,0,0,0
7635392734,1,0,0,0,0,0
1291152165,0,0,1,0,0,0
1665000315,0,0,1,0,0,0
1710175603,1,0,1,0,0,0
1725252714,0,0,1,0,0,0
1732480923,0,0,1,0,0,0
1744729263,0,0,1,0,0,0
1750357954,0,0,1,0,0,0
1764451837,0,0,1,0,0,0
1803373067,0,0,1,0,0,0
1819638285,0,0,1,0,0,0
1840271251,0,0,1,0,0,0
1872666854,0,0,1,0,0,0
1902383514,1,0,1,0,0,0
1986895011,1,0,1,0,0,0
1990101450,0,0,1,0,0,0
2002676497,1,0,1,0,0,0
2024170497,0,0,1,0,0,0
2032701715,0,0,1,0,0,0
2052350073,1,0,1,0,0,0
2072969551,0,0,1,0,0,0
2095171942,0,0,1,0,0,0
2114894732,0,0,1,0,0,0
2115327987,1,0,1,0,0,0
2217754287,0,0,1,0,0,0
2245589952,1,0,1,0,0,0
2648998497,1,0,1,0,0,0
2670216585,1,0,1,0,0,0
2794517172,1,0,1,0,0,0
2865470114,1,0,1,0,0,0
2873938194,0,0,1,0,0,0
3147973405,1,0,1,0,0,0
3230317920,0,0,1,0,0,0
3244555592,1,0,1,0,0,0
3380541084,0,0,1,0,0,0
3547956493,1,0,1,0,0,0
1393515952,1,0,0,0,0,1
1861104360,1,0,0,0,0,1
2146627190,1,0,0,0,0,1
2462139944,1,0,0,0,0,1
2534828067,1,0,0,0,0,1
2662253637,1,0,0,0,0,1
2865472804,1,0,0,0,0,1
2948793850,1,0,0,0,0,1
3172751394,1,0,0,0,0,1
3198316454,1,0,0,0,0,1
3206929472,0,0,0,0,0,1
3262260450,1,0,0,0,0,1
3806199626,1,0,0,0,0,1
3880461030,1,0,0,0,0,1
3910838491,1,0,0,0,0,1
3928004406,1,0,0,0,0,1
3933787068,1,0,0,0,0,1
5098071772,0,0,0,0,0,1
5117294211,1,0,0,0,0,1
5249979200,1,0,0,0,0,1
5347246109,1,0,0,0,0,1
5374241010,1,0,0,0,0,1
5374286854,1,0,0,0,0,1
5558735968,1,0,0,0,0,1
5603214258,1,0,0,0,0,1
5618016269,1,0,0,0,0,1
5633467178,1,0,0,0,0,1
5875998819,1,0,0,0,0,1
6525631025,1,0,0,0,0,1
6679125442,1,0,0,0,0,1
2579443110,1,0,1,0,0,1
2139893427,1,2,0,0,0,0
3471716784,1,2,0,0,0,0
5744238002,1,2,0,0,0,0
7030516533,1,2,0,0,0,0
2685098751,1,2,0,0,0,1
1970239225,0,1,2,0,0,0
1723129462,0,0,2,0,0,0
1773083760,0,0,2,0,0,0
1816256200,0,0,2,0,0,0
2027480085,0,0,2,0,0,0
2106115754,0,0,2,0,0,0
2188202475,0,0,2,0,0,0
2191398120,0,0,2,0,0,0
2360016402,0,0,2,0,0,0
2525457764,0,0,2,0,0,0
2833737170,0,0,2,0,0,0
3315784023,1,0,2,0,0,0
3858832626,0,0,2,0,0,0
5168259491,0,0,2,0,0,0
5449334139,0,0,2,0,0,0
1976304153,1,0,2,0,0,1
75848,1,1,0,1,0,0
1832684567,0,1,0,1,0,0
1905964443,1,1,0,1,0,0
2109185642,0,1,0,1,0,0
2531966487,1,1,0,1,0,0
2576950750,1,1,0,1,0,0
2597675012,1,1,0,1,0,0
2860793864,1,1,0,1,0,0
3202103081,1,1,0,1,0,0
3215052832,1,1,0,1,0,0
3250216315,1,1,0,1,0,0
3817381137,1,1,0,1,0,0
3818846748,1,1,0,1,0,0
3880516376,1,1,0,1,0,0
3936431121,1,1,0,1,0,0
5043101733,1,1,0,1,0,0
5104646524,1,1,0,1,0,0
5140591723,1,1,0,1,0,0
5369902567,1,1,0,1,0,0
5902163482,1,1,0,1,0,0
6061956061,0,1,0,1,0,0
6092082113,1,1,0,1,0,0
6290064980,1,1,0,1,0,0
1972589043,1,1,1,1,0,0
2092871904,1,1,1,1,0,0
3248241212,1,1,1,1,0,0
2188043085,1,1,0,1,0,1
2598560315,1,1,0,1,0,1
2662021083,1,1,0,1,0,1
2757497057,1,1,0,1,0,1
5638738330,1,1,0,1,0,1
6275007444,1,1,0,1,0,1
1834067805,1,1,1,1,0,1
1872697370,0,0,0,1,0,0
1913329945,1,0,0,1,0,0
2242472787,1,0,0,1,0,0
2397336364,0,0,0,1,0,0
2486181921,0,0,0,1,0,0
2595080202,1,0,0,1,0,0
2607711843,1,0,0,1,0,0
2632453183,1,0,0,1,0,0
2634283941,1,0,0,1,0,0
2699375673,1,0,0,1,0,0
2727738163,1,0,0,1,0,0
2771556453,1,0,0,1,0,0
2793767913,0,0,0,1,0,0
2860762922,1,0,0,1,0,0
2871482304,1,0,0,1,0,0
3229688804,1,0,0,1,0,0
3231516380,0,0,0,1,0,0
3908798547,1,0,0,1,0,0
3963974028,1,0,0,1,0,0
5387172075,1,0,0,1,0,0
5538787665,1,0,0,1,0,0
5699757106,1,0,0,1,0,0
5737966505,1,0,0,1,0,0
6561841127,1,0,0,1,0,0
6918296919,0,0,0,1,0,0
6930004171,1,0,0,1,0,0
7129811001,0,0,0,1,0,0
7576656935,0,0,0,1,0,0
1245360814,0,0,1,1,0,0
1993342070,0,0,1,1,0,0
2011899834,1,0,1,1,0,0
3245359303,1,0,1,1,0,0
3563775165,1,0,1,1,0,0
1836940467,0,0,0,1,0,1
2155815034,1,0,0,1,0,1
2467781350,1,0,0,1,0,1
2610091592,1,0,0,1,0,1
3032199632,1,0,0,1,0,1
3116987960,1,0,0,1,0,1
5076834477,1,0,0,1,0,1
2012215315,1,0,1,1,0,1
2651262981,1,2,0,1,0,0
1765896480,0,1,2,1,0,0
1935167034,1,1,2,1,0,0
3515267842,0,0,2,1,0,0
2115262352,1,0,2,1,0,1
2144075181,1,0,2,1,0,1
2942982592,1,0,2,1,0,1
3547967310,1,0,2,1,0,1
1750358010,0,0,1,0,2,0
3252585473,1,0,0,2,2,1
3516122664,1,0,0,2,2,1
1956700750,0,1,2,2,2,1
6420615079,0,1,2,2,2,1
1976294423,1,1,0,1,2,1
1991333801,1,1,0,1,2,1
2128270293,1,1,0,1,2,1
2519979374,1,1,0,1,2,1
3241468184,1,1,0,1,2,1
1279746217,0,1,1,1,2,1
1980708047,1,1,1,1,2,1
7476748260,0,1,1,1,2,1
3318140764,0,0,1,1,2,0
2261322181,1,0,0,1,2,1
1716270195,0,0,1,1,2,1
2618268225,0,0,1,1,2,1
2840343403,0,0,1,1,2,1
7472856103,0,0,1,1,2,1
2005817001,0,2,0,1,2,1
5634013749,1,2,0,1,2,1
7539097977,1,2,0,1,2,1
1648119052,1,2,1,1,2,1
1663933725,1,2,1,1,2,1
2011677057,1,2,1,1,2,1
5312228022,0,2,1,3,2,1
1216431741,0,1,2,1,2,1
1419172372,1,1,2,1,2,1
1451977335,0,1,2,1,2,1
1590753120,1,1,2,1,2,1
1635270132,0,1,2,1,2,1
1647688972,0,1,2,1,2,1
1653944045,0,1,2,1,2,1
1655444627,0,1,2,1,2,1
1684452940,0,1,2,1,2,1
1686785965,0,1,2,1,2,1
1708159150,1,1,2,1,2,1
1747522104,0,1,2,1,2,1
1774057271,0,1,2,1,2,1
1893892941,0,1,2,1,2,1
1911484643,0,1,2,1,2,1
1958889463,1,1,2,1,2,1
2140585607,0,1,2,1,2,1
2178873290,1,1,2,1,2,1
2184024913,0,1,2,1,2,1
2409482243,0,1,2,1,2,1
2630570525,1,1,2,1,2,1
5828293600,0,1,2,1,2,1
6507792755,0,1,2,1,2,1
2568309141,1,1,2,3,2,1
5000609535,1,0,2,1,2,0
1654134123,0,0,2,1,2,1
1744957737,0,0,2,1,2,1
1855757243,0,0,2,1,2,1
1911502981,0,0,2,1,2,1
2024872695,1,0,2,1,2,1
2189608911,0,0,2,1,2,1
2762892110,1,0,2,1,2,1
5705191799,0,0,2,1,2,1
1043320390,0,2,2,1,2,1
1232121710,0,2,2,1,2,1
1663937380,0,2,2,1,2,1
1717833412,0,2,2,1,2,1
1726918143,0,2,2,1,2,1
1769216315,0,2,2,1,2,1
1854570915,0,2,2,1,2,1
1859428970,1,2,2,1,2,1
1884488621,0,2,2,1,2,1
1909377960,0,2,2,1,2,1
1951123110,0,2,2,1,2,1
2085621483,1,2,2,1,2,1
2106558073,1,2,2,1,2,1
2375086267,0,2,2,1,2,1
2434139193,1,2,2,1,2,1
2606218210,0,2,2,1,2,1
2769885021,0,2,2,1,2,1
3288875501,0,2,2,1,2,1
3349909324,0,2,2,1,2,1
6115560351,0,2,2,1,2,1
2518353303,1,1,1,2,3,1
5610349502,1,1,1,2,3,1
2196955610,1,0,1,2,3,1
7516679696,0,2,1,2,3,1
2032139271,0,1,2,2,3,1
3164957712,0,1,2,2,3,1
5820973786,0,1,2,2,3,1
5890672121,0,1,2,2,3,1
1856404484,0,1,2,2,3,1
5943595658,0,1,2,2,3,1
2696049583,1,0,2,2,3,1
2117508734,1,2,2,2,3,1
1267454277,0,2,2,2,3,1
1649173367,0,2,2,2,3,1
1806128454,0,2,2,2,3,1
3502957945,0,2,2,2,3,1
1617416704,0,1,0,1,3,0
7079703736,1,1,0,1,3,1
7504294874,0,1,0,1,3,1
2427989561,1,1,1,1,3,1
2524413584,1,1,1,1,3,1
5386897742,1,1,1,1,3,1
5579586356,1,1,1,1,3,1
6486986498,0,1,1,1,3,1
7398726945,1,1,1,1,3,1
2015391145,0,1,0,3,3,1
1914175080,1,0,1,1,3,0
1712155722,0,0,0,3,3,0
1911430687,1,0,0,1,3,1
2672180103,1,0,0,1,3,1
2673596451,1,0,0,1,3,1
5915215161,1,0,1,1,3,1
7307157206,0,0,1,1,3,1
7504935411,0,0,1,1,3,1
2108806420,1,2,0,1,3,1
1962105937,1,2,1,1,3,1
1986679210,1,2,1,1,3,1
2451903763,1,2,1,1,3,1
7433077751,0,2,0,3,3,1
3515639462,0,2,1,3,3,1
2716593467,0,1,2,3,3,0
1499104401,0,1,2,1,3,1
1652484947,0,1,2,1,3,1
1700582867,0,1,2,1,3,1
1736068007,0,1,2,1,3,1
1744332207,0,1,2,1,3,1
1747383115,0,1,2,1,3,1
1789681642,0,1,2,1,3,1
1910695630,1,1,2,1,3,1
1977407911,1,1,2,1,3,1
2044263792,1,1,2,1,3,1
2055648745,1,1,2,1,3,1
2056394313,1,1,2,1,3,1
2162541102,0,1,2,1,3,1
2219368761,0,1,2,1,3,1
2290787940,0,1,2,1,3,1
2321615032,1,1,2,1,3,1
2476121622,0,1,2,1,3,1
2535760180,0,1,2,1,3,1
2827102952,0,1,2,1,3,1
3097688767,1,1,2,1,3,1
3315214800,1,1,2,1,3,1
5876448064,0,1,2,1,3,1
6141086679,0,1,2,1,3,1
6192085227,0,1,2,1,3,1
6495544869,0,1,2,1,3,1
7211561239,0,1,2,1,3,1
2212518065,0,1,2,3,3,1
6023189492,0,1,2,3,3,1
6357456494,0,1,2,1,3,1
1903747781,1,0,2,1,3,1
2230913455,0,0,2,1,3,1
2309234963,1,0,2,1,3,1
5963846236,0,0,2,1,3,1
6065382792,0,0,2,1,3,1
6344061797,0,0,2,1,3,1
1748075785,0,0,2,3,3,1
1965683690,1,0,2,3,3,1
5703799536,1,0,2,3,3,1
5992358951,0,0,2,3,3,1
2789616391,0,0,2,1,3,1
3173633817,0,2,2,1,3,0
1261788454,0,2,2,1,3,1
1497087080,0,2,2,1,3,1
1663072851,0,2,2,1,3,1
1703371307,0,2,2,1,3,1
1738004582,0,2,2,1,3,1
1845864154,0,2,2,1,3,1
1924558143,0,2,2,1,3,1
1959444680,0,2,2,1,3,1
2011075080,0,2,2,1,3,1
2027773605,0,2,2,1,3,1
2057327125,0,2,2,1,3,1
2258727970,0,2,2,1,3,1
2280198017,0,2,2,1,3,1
2318265821,0,2,2,1,3,1
2328516855,1,2,2,1,3,1
2698146894,0,2,2,1,3,1
2748597475,0,2,2,1,3,1
3894391642,1,2,2,1,3,1
3928511449,0,2,2,1,3,1
5104880035,1,2,2,1,3,1
5463794433,0,2,2,1,3,1
5476386628,0,2,2,1,3,1
6054450374,0,2,2,1,3,1
6066193547,0,2,2,1,3,1
6250824982,0,2,2,1,3,1
6362632222,0,2,2,1,3,1
1642088277,0,2,2,3,3,1
1653603955,0,2,2,3,3,1
1749990115,0,2,2,3,3,1
1883755941,1,2,2,3,3,1
1389537561,0,2,2,1,3,1
1630423295,0,2,2,1,3,1
1644489953,0,2,2,1,3,1
1646051850,0,2,2,1,3,1
1720962692,0,2,2,1,3,1
1977460817,0,2,2,3,3,1
2028810631,0,2,2,3,3,1
6168007956,0,2,2,3,3,1
