user_id,user_verified_type,weibo_type,fans_type,repost_type,like_type,comment_type,weibo_granger,fan_granger,repost_granger,like_granger,comment_granger
2202083193,1,2,1,2,3,2,0,2,2,0,2
2146327684,1,0,2,2,3,2,1,1,2,0,2
1498396803,1,2,2,2,3,2,0,1,2,0,2
3549916270,1,2,2,2,3,2,0,1,2,0,2
5342220662,1,2,2,2,3,2,0,1,2,0,2
5461853682,1,2,2,2,3,2,0,1,2,0,2
2647281473,1,1,0,1,3,2,2,2,1,0,2
2113535642,1,1,0,3,3,3,2,2,1,0,2
2813607252,1,1,0,3,3,3,2,2,1,0,2
2655176573,1,1,1,3,3,3,2,2,1,0,2
3061210763,1,1,0,3,3,3,2,2,1,0,2
7532796319,1,1,0,3,3,3,2,2,1,0,2
2606169085,1,0,0,1,3,3,1,2,1,0,2
6914251407,1,0,0,3,3,3,1,2,1,0,2
5868009402,1,2,0,3,3,3,0,2,1,0,2
1718326977,1,2,1,3,3,3,0,2,1,0,2
1904469113,1,1,2,1,3,2,2,1,1,0,2
5617030362,1,1,2,3,3,2,2,1,1,0,2
7336594039,1,1,2,3,3,2,2,1,1,0,2
2549511007,1,1,2,3,3,3,2,1,1,0,2
2730549204,1,1,2,3,3,3,2,1,1,0,2
3074181393,1,1,2,3,3,3,2,1,1,0,2
5982499860,1,0,2,1,3,2,1,1,1,0,2
1910577521,1,0,2,1,3,2,1,1,1,0,2
6969972165,1,0,2,3,3,3,1,1,1,0,2
1266922873,1,0,2,1,3,3,1,1,1,0,2
2015108055,1,2,2,3,3,2,0,1,1,0,2
1982753487,1,2,2,3,3,2,0,1,1,0,2
3937348351,1,2,2,3,3,3,0,1,1,0,2
1064646454,1,1,0,0,1,0,2,2,2,3,1
1252614317,1,1,0,0,1,0,2,2,2,3,1
1709467465,1,1,0,0,1,0,2,2,2,3,1
1729399083,1,1,0,0,1,0,2,2,2,3,1
1798361341,1,1,0,0,1,0,2,2,2,3,1
1913308843,1,1,0,0,1,0,2,2,2,3,1
1913935211,1,1,0,0,1,0,2,2,2,3,1
1924853635,1,1,0,0,1,0,2,2,2,3,1
1980734371,1,1,0,0,1,0,2,2,2,3,1
1990198375,1,1,0,0,1,0,2,2,2,3,1
2029505005,1,1,0,0,1,0,2,2,2,3,1
2088662305,1,1,0,0,1,0,2,2,2,3,1
2099214172,1,1,0,0,1,0,2,2,2,3,1
2113480734,1,1,0,0,1,0,2,2,2,3,1
2144066964,1,1,0,0,1,0,2,2,2,3,1
2182881135,1,1,0,0,1,0,2,2,2,3,1
2249520950,1,1,0,0,1,0,2,2,2,3,1
2318629240,1,1,0,0,1,0,2,2,2,3,1
2379979684,1,1,0,0,1,0,2,2,2,3,1
2388122400,1,1,0,0,1,0,2,2,2,3,1
2401556345,1,1,0,0,1,0,2,2,2,3,1
2452488395,1,1,0,0,1,0,2,2,2,3,1
2456931455,1,1,0,0,1,0,2,2,2,3,1
2472148755,1,1,0,0,1,0,2,2,2,3,1
2490707052,1,1,0,0,1,0,2,2,2,3,1
2506214623,1,1,0,0,1,0,2,2,2,3,1
2519828022,1,1,0,0,1,0,2,2,2,3,1
2521498134,1,1,0,0,1,0,2,2,2,3,1
2556793530,1,1,0,0,1,0,2,2,2,3,1
2569691550,1,1,0,0,1,0,2,2,2,3,1
2597221413,1,1,0,0,1,0,2,2,2,3,1
2607762887,1,1,0,0,1,0,2,2,2,3,1
2608234633,1,1,0,0,1,0,2,2,2,3,1
2608424991,1,1,0,0,1,0,2,2,2,3,1
2611542215,1,1,0,0,1,0,2,2,2,3,1
2611745583,1,1,0,0,1,0,2,2,2,3,1
2618059445,1,1,0,0,1,0,2,2,2,3,1
2620640457,1,1,0,0,1,0,2,2,2,3,1
2628387645,1,1,0,0,1,0,2,2,2,3,1
2642563891,1,1,0,0,1,0,2,2,2,3,1
2645377570,1,1,0,0,1,0,2,2,2,3,1
2645433760,1,1,0,0,1,0,2,2,2,3,1
2657633095,1,1,0,0,1,0,2,2,2,3,1
2695983121,1,1,0,0,1,0,2,2,2,3,1
2730258260,1,1,0,0,1,0,2,2,2,3,1
2751632824,1,1,0,0,1,0,2,2,2,3,1
2768491503,1,1,0,0,1,0,2,2,2,3,1
2797392924,1,1,0,0,1,0,2,2,2,3,1
2859779284,1,1,0,0,1,0,2,2,2,3,1
2880487990,1,1,0,0,1,0,2,2,2,3,1
3008419144,1,1,0,0,1,0,2,2,2,3,1
3141957514,1,1,0,0,1,0,2,2,2,3,1
3148622000,1,1,0,0,1,0,2,2,2,3,1
3153465505,1,1,0,0,1,0,2,2,2,3,1
3160612662,1,1,0,0,1,0,2,2,2,3,1
3164800384,1,1,0,0,1,0,2,2,2,3,1
3203752832,1,1,0,0,1,0,2,2,2,3,1
3231942652,1,1,0,0,1,0,2,2,2,3,1
3241571192,1,1,0,0,1,0,2,2,2,3,1
3306604430,1,1,0,0,1,0,2,2,2,3,1
3320159483,1,1,0,0,1,0,2,2,2,3,1
3516574547,1,1,0,0,1,0,2,2,2,3,1
3525503683,1,1,0,0,1,0,2,2,2,3,1
3695637705,1,1,0,0,1,0,2,2,2,3,1
3697707802,1,1,0,0,1,0,2,2,2,3,1
3811261522,1,1,0,0,1,0,2,2,2,3,1
3846489597,1,1,0,0,1,0,2,2,2,3,1
3871279575,1,1,0,0,1,0,2,2,2,3,1
3898311280,1,1,0,0,1,0,2,2,2,3,1
3917895981,1,1,0,0,1,0,2,2,2,3,1
3937606196,1,1,0,0,1,0,2,2,2,3,1
3947832381,1,1,0,0,1,0,2,2,2,3,1
3958002657,1,1,0,0,1,0,2,2,2,3,1
3974560125,1,1,0,0,1,0,2,2,2,3,1
3977480240,1,1,0,0,1,0,2,2,2,3,1
5048114142,1,1,0,0,1,0,2,2,2,3,1
5132141734,1,1,0,0,1,0,2,2,2,3,1
5159980918,1,1,0,0,1,0,2,2,2,3,1
5193769886,1,1,0,0,1,0,2,2,2,3,1
5216680639,1,1,0,0,1,0,2,2,2,3,1
5235508532,1,1,0,0,1,0,2,2,2,3,1
5270965851,1,1,0,0,1,0,2,2,2,3,1
5367519413,1,1,0,0,1,0,2,2,2,3,1
5368157865,1,1,0,0,1,0,2,2,2,3,1
5380501825,1,1,0,0,1,0,2,2,2,3,1
5425985446,1,1,0,0,1,0,2,2,2,3,1
5462020226,1,1,0,0,1,0,2,2,2,3,1
5481235003,1,1,0,0,1,0,2,2,2,3,1
5500200143,1,1,0,0,1,0,2,2,2,3,1
5500585567,1,1,0,0,1,0,2,2,2,3,1
5507848289,1,1,0,0,1,0,2,2,2,3,1
5508373096,1,1,0,0,1,0,2,2,2,3,1
5601607972,1,1,0,0,1,0,2,2,2,3,1
5604006570,1,1,0,0,1,0,2,2,2,3,1
5658305663,1,1,0,0,1,0,2,2,2,3,1
5699428525,1,1,0,0,1,0,2,2,2,3,1
5700429073,1,1,0,0,1,0,2,2,2,3,1
5723785084,1,1,0,0,1,0,2,2,2,3,1
5898618477,1,1,0,0,1,0,2,2,2,3,1
5917976377,1,1,0,0,1,0,2,2,2,3,1
5919809464,1,1,0,0,1,0,2,2,2,3,1
5933738920,1,1,0,0,1,0,2,2,2,3,1
5934477092,1,1,0,0,1,0,2,2,2,3,1
5973220849,1,1,0,0,1,0,2,2,2,3,1
6062120883,1,1,0,0,1,0,2,2,2,3,1
6220451658,1,1,0,0,1,0,2,2,2,3,1
6387872863,1,1,0,0,1,0,2,2,2,3,1
6509799287,1,1,0,0,1,0,2,2,2,3,1
6526504927,1,1,0,0,1,0,2,2,2,3,1
6573790884,1,1,0,0,1,0,2,2,2,3,1
6583477021,1,1,0,0,1,0,2,2,2,3,1
7036804191,1,1,0,0,1,0,2,2,2,3,1
7324165869,1,1,0,0,1,0,2,2,2,3,1
7437634407,1,1,0,0,1,0,2,2,2,3,1
7452379375,1,1,0,0,1,0,2,2,2,3,1
7481672007,1,1,0,0,1,0,2,2,2,3,1
7575728458,1,1,0,0,1,0,2,2,2,3,1
7593501012,1,1,0,0,1,0,2,2,2,3,1
2003319135,1,1,1,0,1,0,2,2,2,3,1
2173096294,1,1,1,0,1,0,2,2,2,3,1
2176714344,1,1,1,0,1,0,2,2,2,3,1
2426325675,1,1,1,0,1,0,2,2,2,3,1
2641973951,1,1,1,0,1,0,2,2,2,3,1
3271855994,1,1,1,0,1,0,2,2,2,3,1
3840902209,1,1,1,0,1,0,2,2,2,3,1
5049932665,1,1,1,0,1,0,2,2,2,3,1
5237053116,1,1,1,0,1,0,2,2,2,3,1
7161158619,1,1,1,0,1,0,2,2,2,3,1
1916333694,1,1,0,0,1,1,2,2,2,3,1
2088581551,1,1,0,0,1,1,2,2,2,3,1
2141964513,1,1,0,0,1,1,2,2,2,3,1
2213852952,1,1,0,0,1,1,2,2,2,3,1
2249040870,1,1,0,0,1,1,2,2,2,3,1
2322699152,1,1,0,0,1,1,2,2,2,3,1
2453101173,1,1,0,0,1,1,2,2,2,3,1
2454765851,1,1,0,0,1,1,2,2,2,3,1
2488355117,1,1,0,0,1,1,2,2,2,3,1
2549711684,1,1,0,0,1,1,2,2,2,3,1
2801467610,1,1,0,0,1,1,2,2,2,3,1
2812231775,1,1,0,0,1,1,2,2,2,3,1
2878115484,1,1,0,0,1,1,2,2,2,3,1
3001986840,1,1,0,0,1,1,2,2,2,3,1
3217974497,1,1,0,0,1,1,2,2,2,3,1
3225377512,1,1,0,0,1,1,2,2,2,3,1
3256052093,1,1,0,0,1,1,2,2,2,3,1
3355021510,1,1,0,0,1,1,2,2,2,3,1
3357984530,1,1,0,0,1,1,2,2,2,3,1
3359245562,1,1,0,0,1,1,2,2,2,3,1
3379498974,1,1,0,0,1,1,2,2,2,3,1
3443851640,1,1,0,0,1,1,2,2,2,3,1
3488874287,1,1,0,0,1,1,2,2,2,3,1
3512836581,1,1,0,0,1,1,2,2,2,3,1
3540153945,1,1,0,0,1,1,2,2,2,3,1
3603478241,1,1,0,0,1,1,2,2,2,3,1
3652499857,1,1,0,0,1,1,2,2,2,3,1
3658029810,1,1,0,0,1,1,2,2,2,3,1
3669022182,1,1,0,0,1,1,2,2,2,3,1
3697383753,1,1,0,0,1,1,2,2,2,3,1
3699166284,1,1,0,0,1,1,2,2,2,3,1
3699175834,1,1,0,0,1,1,2,2,2,3,1
3781876734,1,1,0,0,1,1,2,2,2,3,1
3806199641,1,1,0,0,1,1,2,2,2,3,1
3815077818,1,1,0,0,1,1,2,2,2,3,1
3849030226,1,1,0,0,1,1,2,2,2,3,1
3878180922,1,1,0,0,1,1,2,2,2,3,1
3898037768,1,1,0,0,1,1,2,2,2,3,1
3911200331,1,1,0,0,1,1,2,2,2,3,1
3912707918,1,1,0,0,1,1,2,2,2,3,1
3925831483,1,1,0,0,1,1,2,2,2,3,1
3956561824,1,1,0,0,1,1,2,2,2,3,1
5042240803,1,1,0,0,1,1,2,2,2,3,1
5126842016,1,1,0,0,1,1,2,2,2,3,1
5170978127,1,1,0,0,1,1,2,2,2,3,1
5174377668,1,1,0,0,1,1,2,2,2,3,1
5177214158,1,1,0,0,1,1,2,2,2,3,1
5190441667,1,1,0,0,1,1,2,2,2,3,1
5198647703,1,1,0,0,1,1,2,2,2,3,1
5339538657,1,1,0,0,1,1,2,2,2,3,1
5361696317,1,1,0,0,1,1,2,2,2,3,1
5385579770,1,1,0,0,1,1,2,2,2,3,1
5395116343,1,1,0,0,1,1,2,2,2,3,1
5430446235,1,1,0,0,1,1,2,2,2,3,1
5465305079,1,1,0,0,1,1,2,2,2,3,1
5500585112,1,1,0,0,1,1,2,2,2,3,1
5506132978,1,1,0,0,1,1,2,2,2,3,1
5553121725,1,1,0,0,1,1,2,2,2,3,1
5559226446,1,1,0,0,1,1,2,2,2,3,1
5559804050,1,1,0,0,1,1,2,2,2,3,1
5584436562,1,1,0,0,1,1,2,2,2,3,1
5637718210,1,1,0,0,1,1,2,2,2,3,1
5657421525,1,1,0,0,1,1,2,2,2,3,1
6123193266,1,1,0,0,1,1,2,2,2,3,1
6167691229,1,1,0,0,1,1,2,2,2,3,1
6169387567,1,1,0,0,1,1,2,2,2,3,1
6267350071,1,1,0,0,1,1,2,2,2,3,1
6285362680,1,1,0,0,1,1,2,2,2,3,1
6336558648,1,1,0,0,1,1,2,2,2,3,1
6939757328,1,1,0,0,1,1,2,2,2,3,1
7206379042,1,1,0,0,1,1,2,2,2,3,1
7213742535,1,1,0,0,1,1,2,2,2,3,1
7605525382,1,1,0,0,1,1,2,2,2,3,1
7615077673,1,1,0,0,1,1,2,2,2,3,1
1896456970,1,1,1,0,1,1,2,2,2,3,1
1989617012,1,1,1,0,1,1,2,2,2,3,1
2003290751,1,1,1,0,1,1,2,2,2,3,1
2052120021,1,1,1,0,1,1,2,2,2,3,1
2261390944,1,1,1,0,1,1,2,2,2,3,1
2268842982,1,1,1,0,1,1,2,2,2,3,1
2392909680,1,1,1,0,1,1,2,2,2,3,1
2516150701,1,1,1,0,1,1,2,2,2,3,1
2553166167,1,1,1,0,1,1,2,2,2,3,1
2557155457,1,1,1,0,1,1,2,2,2,3,1
2697578042,1,1,1,0,1,1,2,2,2,3,1
6928813720,1,1,1,0,1,1,2,2,2,3,1
3360703570,1,1,0,2,1,1,2,2,2,3,1
6105864408,1,1,0,2,1,1,2,2,2,3,1
5964184998,1,1,1,2,1,1,2,2,2,3,1
1057775400,1,0,0,0,1,0,1,2,2,3,1
1065507653,1,0,0,0,1,0,1,2,2,3,1
1146777311,1,0,0,0,1,0,1,2,2,3,1
1359922744,1,0,0,0,1,0,1,2,2,3,1
1639150224,1,0,0,0,1,0,1,2,2,3,1
1654081875,1,0,0,0,1,0,1,2,2,3,1
1787043322,1,0,0,0,1,0,1,2,2,3,1
1907500685,1,0,0,0,1,0,1,2,2,3,1
1908691000,1,0,0,0,1,0,1,2,2,3,1
1910370220,1,0,0,0,1,0,1,2,2,3,1
1912430493,1,0,0,0,1,0,1,2,2,3,1
1913079885,1,0,0,0,1,0,1,2,2,3,1
1919000695,1,0,0,0,1,0,1,2,2,3,1
1969078862,1,0,0,0,1,0,1,2,2,3,1
1969991021,1,0,0,0,1,0,1,2,2,3,1
1974177154,1,0,0,0,1,0,1,2,2,3,1
2013431392,1,0,0,0,1,0,1,2,2,3,1
2026544132,1,0,0,0,1,0,1,2,2,3,1
2035996144,1,0,0,0,1,0,1,2,2,3,1
2053494515,1,0,0,0,1,0,1,2,2,3,1
2053886377,1,0,0,0,1,0,1,2,2,3,1
2058212830,1,0,0,0,1,0,1,2,2,3,1
2072564685,1,0,0,0,1,0,1,2,2,3,1
2077210661,1,0,0,0,1,0,1,2,2,3,1
2088587975,1,0,0,0,1,0,1,2,2,3,1
2109973885,1,0,0,0,1,0,1,2,2,3,1
2120131305,1,0,0,0,1,0,1,2,2,3,1
2130830185,1,0,0,0,1,0,1,2,2,3,1
2140348227,1,0,0,0,1,0,1,2,2,3,1
2141922513,1,0,0,0,1,0,1,2,2,3,1
2203659104,1,0,0,0,1,0,1,2,2,3,1
2241183901,1,0,0,0,1,0,1,2,2,3,1
2245584801,1,0,0,0,1,0,1,2,2,3,1
2275003937,1,0,0,0,1,0,1,2,2,3,1
2294153390,1,0,0,0,1,0,1,2,2,3,1
2308904533,1,0,0,0,1,0,1,2,2,3,1
2308960223,1,0,0,0,1,0,1,2,2,3,1
2365535720,1,0,0,0,1,0,1,2,2,3,1
2376298682,1,0,0,0,1,0,1,2,2,3,1
2401556305,1,0,0,0,1,0,1,2,2,3,1
2402835272,1,0,0,0,1,0,1,2,2,3,1
2408098087,1,0,0,0,1,0,1,2,2,3,1
2433075012,1,0,0,0,1,0,1,2,2,3,1
2439823223,1,0,0,0,1,0,1,2,2,3,1
2462872400,1,0,0,0,1,0,1,2,2,3,1
2498359580,1,0,0,0,1,0,1,2,2,3,1
2530014313,1,0,0,0,1,0,1,2,2,3,1
2552266107,1,0,0,0,1,0,1,2,2,3,1
2604223091,1,0,0,0,1,0,1,2,2,3,1
2604363821,1,0,0,0,1,0,1,2,2,3,1
2604857111,1,0,0,0,1,0,1,2,2,3,1
2634418921,1,0,0,0,1,0,1,2,2,3,1
2650836463,1,0,0,0,1,0,1,2,2,3,1
2658713773,1,0,0,0,1,0,1,2,2,3,1
2662050853,1,0,0,0,1,0,1,2,2,3,1
2663581903,1,0,0,0,1,0,1,2,2,3,1
2690502103,1,0,0,0,1,0,1,2,2,3,1
2711977302,1,0,0,0,1,0,1,2,2,3,1
2734615505,1,0,0,0,1,0,1,2,2,3,1
2739425243,1,0,0,0,1,0,1,2,2,3,1
2758931405,1,0,0,0,1,0,1,2,2,3,1
2768329867,1,0,0,0,1,0,1,2,2,3,1
2774404970,1,0,0,0,1,0,1,2,2,3,1
2784898031,1,0,0,0,1,0,1,2,2,3,1
2809240460,1,0,0,0,1,0,1,2,2,3,1
2814619872,1,0,0,0,1,0,1,2,2,3,1
2878405892,1,0,0,0,1,0,1,2,2,3,1
2895385130,1,0,0,0,1,0,1,2,2,3,1
2904759211,1,0,0,0,1,0,1,2,2,3,1
2919265652,1,0,0,0,1,0,1,2,2,3,1
3058893701,1,0,0,0,1,0,1,2,2,3,1
3089308444,1,0,0,0,1,0,1,2,2,3,1
3144706550,1,0,0,0,1,0,1,2,2,3,1
3172599694,1,0,0,0,1,0,1,2,2,3,1
3173643207,1,0,0,0,1,0,1,2,2,3,1
3183492405,1,0,0,0,1,0,1,2,2,3,1
3212287183,1,0,0,0,1,0,1,2,2,3,1
3215918151,1,0,0,0,1,0,1,2,2,3,1
3218964313,1,0,0,0,1,0,1,2,2,3,1
3254625337,1,0,0,0,1,0,1,2,2,3,1
3257466635,1,0,0,0,1,0,1,2,2,3,1
3302689634,1,0,0,0,1,0,1,2,2,3,1
3309551682,1,0,0,0,1,0,1,2,2,3,1
3373832900,1,0,0,0,1,0,1,2,2,3,1
3440988370,1,0,0,0,1,0,1,2,2,3,1
3497381674,1,0,0,0,1,0,1,2,2,3,1
3504088385,1,0,0,0,1,0,1,2,2,3,1
3529856217,1,0,0,0,1,0,1,2,2,3,1
3558497775,1,0,0,0,1,0,1,2,2,3,1
3558925725,1,0,0,0,1,0,1,2,2,3,1
3585793804,1,0,0,0,1,0,1,2,2,3,1
3624543863,1,0,0,0,1,0,1,2,2,3,1
3641480321,1,0,0,0,1,0,1,2,2,3,1
3662834174,1,0,0,0,1,0,1,2,2,3,1
3673047764,1,0,0,0,1,0,1,2,2,3,1
3699175327,1,0,0,0,1,0,1,2,2,3,1
3735095045,1,0,0,0,1,0,1,2,2,3,1
3760705624,1,0,0,0,1,0,1,2,2,3,1
3806199635,1,0,0,0,1,0,1,2,2,3,1
3880189580,1,0,0,0,1,0,1,2,2,3,1
5000753529,1,0,0,0,1,0,1,2,2,3,1
5013122364,1,0,0,0,1,0,1,2,2,3,1
5134190578,1,0,0,0,1,0,1,2,2,3,1
5176587048,1,0,0,0,1,0,1,2,2,3,1
5196192008,1,0,0,0,1,0,1,2,2,3,1
5274645521,1,0,0,0,1,0,1,2,2,3,1
5432083658,1,0,0,0,1,0,1,2,2,3,1
5455903429,1,0,0,0,1,0,1,2,2,3,1
5492735309,1,0,0,0,1,0,1,2,2,3,1
5511593627,1,0,0,0,1,0,1,2,2,3,1
5571985733,1,0,0,0,1,0,1,2,2,3,1
5578387362,1,0,0,0,1,0,1,2,2,3,1
5590760430,1,0,0,0,1,0,1,2,2,3,1
5592228950,1,0,0,0,1,0,1,2,2,3,1
5606685323,1,0,0,0,1,0,1,2,2,3,1
5617894057,1,0,0,0,1,0,1,2,2,3,1
5620151036,1,0,0,0,1,0,1,2,2,3,1
5656913886,1,0,0,0,1,0,1,2,2,3,1
5658478840,1,0,0,0,1,0,1,2,2,3,1
5672404181,1,0,0,0,1,0,1,2,2,3,1
5678410620,1,0,0,0,1,0,1,2,2,3,1
5787481830,1,0,0,0,1,0,1,2,2,3,1
5813728966,1,0,0,0,1,0,1,2,2,3,1
5813886779,1,0,0,0,1,0,1,2,2,3,1
5825368354,1,0,0,0,1,0,1,2,2,3,1
5846212742,1,0,0,0,1,0,1,2,2,3,1
5890040654,1,0,0,0,1,0,1,2,2,3,1
5901188135,1,0,0,0,1,0,1,2,2,3,1
5919802739,1,0,0,0,1,0,1,2,2,3,1
5928885763,1,0,0,0,1,0,1,2,2,3,1
6047259248,1,0,0,0,1,0,1,2,2,3,1
6144333953,1,0,0,0,1,0,1,2,2,3,1
6196434586,1,0,0,0,1,0,1,2,2,3,1
6254309373,1,0,0,0,1,0,1,2,2,3,1
6314335664,1,0,0,0,1,0,1,2,2,3,1
6331555596,1,0,0,0,1,0,1,2,2,3,1
6409278496,1,0,0,0,1,0,1,2,2,3,1
6420878085,1,0,0,0,1,0,1,2,2,3,1
6433904499,1,0,0,0,1,0,1,2,2,3,1
6519684994,1,0,0,0,1,0,1,2,2,3,1
6882161844,1,0,0,0,1,0,1,2,2,3,1
7215325607,1,0,0,0,1,0,1,2,2,3,1
7223648118,1,0,0,0,1,0,1,2,2,3,1
7311913737,1,0,0,0,1,0,1,2,2,3,1
7542307435,1,0,0,0,1,0,1,2,2,3,1
7598575240,1,0,0,0,1,0,1,2,2,3,1
7642029809,1,0,0,0,1,0,1,2,2,3,1
1058664381,1,0,1,0,1,0,1,2,2,3,1
1702183970,1,0,1,0,1,0,1,2,2,3,1
1713436155,1,0,1,0,1,0,1,2,2,3,1
1909250714,1,0,1,0,1,0,1,2,2,3,1
1958345371,1,0,1,0,1,0,1,2,2,3,1
2035428610,1,0,1,0,1,0,1,2,2,3,1
2085699127,1,0,1,0,1,0,1,2,2,3,1
2098514845,1,0,1,0,1,0,1,2,2,3,1
2106435821,1,0,1,0,1,0,1,2,2,3,1
2233211910,1,0,1,0,1,0,1,2,2,3,1
2396585524,1,0,1,0,1,0,1,2,2,3,1
2427077847,1,0,1,0,1,0,1,2,2,3,1
2606046724,1,0,1,0,1,0,1,2,2,3,1
3729611330,1,0,1,0,1,0,1,2,2,3,1
5012384433,1,0,1,0,1,0,1,2,2,3,1
5186098344,1,0,1,0,1,0,1,2,2,3,1
5355973082,1,0,1,0,1,0,1,2,2,3,1
1585419825,1,0,0,0,1,1,1,2,2,3,1
1803701817,1,0,0,0,1,1,1,2,2,3,1
1930020813,1,0,0,0,1,1,1,2,2,3,1
1935059844,1,0,0,0,1,1,1,2,2,3,1
1964198481,1,0,0,0,1,1,1,2,2,3,1
1994178507,1,0,0,0,1,1,1,2,2,3,1
2017691781,1,0,0,0,1,1,1,2,2,3,1
2038353515,1,0,0,0,1,1,1,2,2,3,1
2119138874,1,0,0,0,1,1,1,2,2,3,1
2218792451,1,0,0,0,1,1,1,2,2,3,1
2313754422,1,0,0,0,1,1,1,2,2,3,1
2358561864,1,0,0,0,1,1,1,2,2,3,1
2477287611,1,0,0,0,1,1,1,2,2,3,1
2504872014,1,0,0,0,1,1,1,2,2,3,1
2573565875,1,0,0,0,1,1,1,2,2,3,1
2610786607,1,0,0,0,1,1,1,2,2,3,1
2634247622,1,0,0,0,1,1,1,2,2,3,1
2650783751,1,0,0,0,1,1,1,2,2,3,1
2687256925,1,0,0,0,1,1,1,2,2,3,1
2880114044,1,0,0,0,1,1,1,2,2,3,1
2965006757,1,0,0,0,1,1,1,2,2,3,1
3011668790,1,0,0,0,1,1,1,2,2,3,1
3194639507,1,0,0,0,1,1,1,2,2,3,1
3239055394,1,0,0,0,1,1,1,2,2,3,1
3423681204,1,0,0,0,1,1,1,2,2,3,1
3529598222,1,0,0,0,1,1,1,2,2,3,1
3572718257,1,0,0,0,1,1,1,2,2,3,1
3809668428,1,0,0,0,1,1,1,2,2,3,1
3881851252,1,0,0,0,1,1,1,2,2,3,1
3916135466,1,0,0,0,1,1,1,2,2,3,1
3917182519,1,0,0,0,1,1,1,2,2,3,1
3977652730,1,0,0,0,1,1,1,2,2,3,1
3991633053,1,0,0,0,1,1,1,2,2,3,1
5035975121,1,0,0,0,1,1,1,2,2,3,1
5074476149,1,0,0,0,1,1,1,2,2,3,1
5075850400,1,0,0,0,1,1,1,2,2,3,1
5154653304,1,0,0,0,1,1,1,2,2,3,1
5156648270,1,0,0,0,1,1,1,2,2,3,1
5167174385,1,0,0,0,1,1,1,2,2,3,1
5208527486,1,0,0,0,1,1,1,2,2,3,1
5396402741,1,0,0,0,1,1,1,2,2,3,1
5452340616,1,0,0,0,1,1,1,2,2,3,1
5521582982,1,0,0,0,1,1,1,2,2,3,1
5562766319,1,0,0,0,1,1,1,2,2,3,1
5608713397,1,0,0,0,1,1,1,2,2,3,1
5632161507,1,0,0,0,1,1,1,2,2,3,1
5657962434,1,0,0,0,1,1,1,2,2,3,1
5712137307,1,0,0,0,1,1,1,2,2,3,1
5728773390,1,0,0,0,1,1,1,2,2,3,1
5819102282,1,0,0,0,1,1,1,2,2,3,1
5855547525,1,0,0,0,1,1,1,2,2,3,1
6050894051,1,0,0,0,1,1,1,2,2,3,1
6080556556,1,0,0,0,1,1,1,2,2,3,1
6440275392,1,0,0,0,1,1,1,2,2,3,1
6519474673,1,0,0,0,1,1,1,2,2,3,1
7095988966,1,0,0,0,1,1,1,2,2,3,1
1929652370,1,0,1,0,1,1,1,2,2,3,1
1990533543,1,0,1,0,1,1,1,2,2,3,1
2000090825,1,0,1,0,1,1,1,2,2,3,1
2094828101,1,0,1,0,1,1,1,2,2,3,1
2270636837,1,0,1,0,1,1,1,2,2,3,1
2553770907,1,0,1,0,1,1,1,2,2,3,1
2590508312,1,0,1,0,1,1,1,2,2,3,1
3695814584,1,0,1,0,1,1,1,2,2,3,1
1365139517,1,2,0,0,1,0,0,2,2,3,1
1824692883,1,2,0,0,1,0,0,2,2,3,1
2408563290,1,2,0,0,1,0,0,2,2,3,1
2633486440,1,2,0,0,1,0,0,2,2,3,1
2646882747,1,2,0,0,1,0,0,2,2,3,1
5114141941,1,2,0,0,1,0,0,2,2,3,1
5135473132,1,2,0,0,1,0,0,2,2,3,1
5299321460,1,2,0,0,1,0,0,2,2,3,1
5323597140,1,2,0,0,1,0,0,2,2,3,1
5453011460,1,2,0,0,1,0,0,2,2,3,1
5463935364,1,2,0,0,1,0,0,2,2,3,1
7214110652,1,2,0,0,1,0,0,2,2,3,1
2575101417,1,2,0,0,1,1,0,2,2,3,1
2810632993,1,2,0,0,1,1,0,2,2,3,1
3299203424,1,2,0,0,1,1,0,2,2,3,1
3460123060,1,2,0,0,1,1,0,2,2,3,1
3912707599,1,2,0,0,1,1,0,2,2,3,1
3939926412,1,2,0,0,1,1,0,2,2,3,1
5345420764,1,2,0,0,1,1,0,2,2,3,1
5366876285,1,2,0,0,1,1,0,2,2,3,1
5619250349,1,2,0,0,1,1,0,2,2,3,1
5647529951,1,2,0,0,1,1,0,2,2,3,1
5648628585,1,2,0,0,1,1,0,2,2,3,1
5995918374,1,2,0,0,1,1,0,2,2,3,1
6040548110,1,2,0,0,1,1,0,2,2,3,1
3814496761,1,1,2,0,1,0,2,1,2,3,1
2759348142,1,1,2,0,1,1,2,1,2,3,1
1570308924,1,0,2,0,1,0,1,1,2,3,1
1796542650,1,0,2,0,1,0,1,1,2,3,1
1921066184,1,0,2,0,1,0,1,1,2,3,1
2014034660,1,0,2,0,1,0,1,1,2,3,1
2358203003,1,0,2,0,1,0,1,1,2,3,1
2540201414,1,0,2,0,1,0,1,1,2,3,1
2760402625,1,0,2,0,1,0,1,1,2,3,1
2790685082,1,0,2,0,1,0,1,1,2,3,1
2953903975,1,0,2,0,1,0,1,1,2,3,1
3950759014,1,0,2,0,1,1,1,1,2,3,1
2386798841,1,0,2,2,1,1,1,1,2,3,1
2735973604,1,2,2,0,1,0,0,1,2,3,1
2648904693,1,2,2,2,1,1,0,1,2,3,1
1833616270,1,1,0,1,1,0,2,2,1,3,1
1973566625,1,1,0,1,1,0,2,2,1,3,1
1988189603,1,1,0,1,1,0,2,2,1,3,1
1989143312,1,1,0,1,1,0,2,2,1,3,1
2049397345,1,1,0,1,1,0,2,2,1,3,1
2072558990,1,1,0,1,1,0,2,2,1,3,1
2088673305,1,1,0,1,1,0,2,2,1,3,1
2096389825,1,1,0,1,1,0,2,2,1,3,1
2142660111,1,1,0,1,1,0,2,2,1,3,1
2231567412,1,1,0,1,1,0,2,2,1,3,1
2273142634,1,1,0,1,1,0,2,2,1,3,1
2290748247,1,1,0,1,1,0,2,2,1,3,1
2294821551,1,1,0,1,1,0,2,2,1,3,1
2318471704,1,1,0,1,1,0,2,2,1,3,1
2319195074,1,1,0,1,1,0,2,2,1,3,1
2434097414,1,1,0,1,1,0,2,2,1,3,1
2455432512,1,1,0,1,1,0,2,2,1,3,1
2464585024,1,1,0,1,1,0,2,2,1,3,1
2512254557,1,1,0,1,1,0,2,2,1,3,1
2608960961,1,1,0,1,1,0,2,2,1,3,1
2611712107,1,1,0,1,1,0,2,2,1,3,1
2682309333,1,1,0,1,1,0,2,2,1,3,1
2685126671,1,1,0,1,1,0,2,2,1,3,1
2707904340,1,1,0,1,1,0,2,2,1,3,1
2709898807,1,1,0,1,1,0,2,2,1,3,1
2795435707,1,1,0,1,1,0,2,2,1,3,1
2816136772,1,1,0,1,1,0,2,2,1,3,1
2872918984,1,1,0,1,1,0,2,2,1,3,1
2881030352,1,1,0,1,1,0,2,2,1,3,1
3172065541,1,1,0,1,1,0,2,2,1,3,1
3174933922,1,1,0,1,1,0,2,2,1,3,1
3194321757,1,1,0,1,1,0,2,2,1,3,1
3198141792,1,1,0,1,1,0,2,2,1,3,1
3219745201,1,1,0,1,1,0,2,2,1,3,1
3271855184,1,1,0,1,1,0,2,2,1,3,1
3276879583,1,1,0,1,1,0,2,2,1,3,1
3360669980,1,1,0,1,1,0,2,2,1,3,1
3442980450,1,1,0,1,1,0,2,2,1,3,1
3498275770,1,1,0,1,1,0,2,2,1,3,1
3500593277,1,1,0,1,1,0,2,2,1,3,1
3541728125,1,1,0,1,1,0,2,2,1,3,1
3764094915,1,1,0,1,1,0,2,2,1,3,1
3832435795,1,1,0,1,1,0,2,2,1,3,1
3840904562,1,1,0,1,1,0,2,2,1,3,1
3840913812,1,1,0,1,1,0,2,2,1,3,1
3886230775,1,1,0,1,1,0,2,2,1,3,1
5109010241,1,1,0,1,1,0,2,2,1,3,1
5195964330,1,1,0,1,1,0,2,2,1,3,1
5331173004,1,1,0,1,1,0,2,2,1,3,1
5608570600,1,1,0,1,1,0,2,2,1,3,1
5611246992,1,1,0,1,1,0,2,2,1,3,1
5664288603,1,1,0,1,1,0,2,2,1,3,1
5888410717,1,1,0,1,1,0,2,2,1,3,1
5909167185,1,1,0,1,1,0,2,2,1,3,1
5995072949,1,1,0,1,1,0,2,2,1,3,1
6679648127,1,1,0,1,1,0,2,2,1,3,1
1919999491,1,1,1,1,1,0,2,2,1,3,1
2003301941,1,1,1,1,1,0,2,2,1,3,1
2010395287,1,1,1,1,1,0,2,2,1,3,1
2119083587,1,1,1,1,1,0,2,2,1,3,1
2164623652,1,1,1,1,1,0,2,2,1,3,1
2189375415,1,1,1,1,1,0,2,2,1,3,1
2290863022,1,1,1,1,1,0,2,2,1,3,1
2703487521,1,1,1,1,1,0,2,2,1,3,1
2723708584,1,1,1,1,1,0,2,2,1,3,1
2883768444,1,1,1,1,1,0,2,2,1,3,1
3225365642,1,1,1,1,1,0,2,2,1,3,1
3253259703,1,1,1,1,1,0,2,2,1,3,1
5607499943,1,1,1,1,1,0,2,2,1,3,1
5645893201,1,1,1,1,1,0,2,2,1,3,1
1065190973,1,1,0,1,1,1,2,2,1,3,1
1199516057,1,1,0,1,1,1,2,2,1,3,1
1211548525,1,1,0,1,1,1,2,2,1,3,1
1371189827,1,1,0,1,1,1,2,2,1,3,1
1833964422,1,1,0,1,1,1,2,2,1,3,1
1893489274,1,1,0,1,1,1,2,2,1,3,1
1920901005,1,1,0,1,1,1,2,2,1,3,1
1956442760,1,1,0,1,1,1,2,2,1,3,1
1961543762,1,1,0,1,1,1,2,2,1,3,1
1965632970,1,1,0,1,1,1,2,2,1,3,1
1972612031,1,1,0,1,1,1,2,2,1,3,1
1987674563,1,1,0,1,1,1,2,2,1,3,1
2028855327,1,1,0,1,1,1,2,2,1,3,1
2047649823,1,1,0,1,1,1,2,2,1,3,1
2049973013,1,1,0,1,1,1,2,2,1,3,1
2053964685,1,1,0,1,1,1,2,2,1,3,1
2055498195,1,1,0,1,1,1,2,2,1,3,1
2055544831,1,1,0,1,1,1,2,2,1,3,1
2068003790,1,1,0,1,1,1,2,2,1,3,1
2090472982,1,1,0,1,1,1,2,2,1,3,1
2097574847,1,1,0,1,1,1,2,2,1,3,1
2135280032,1,1,0,1,1,1,2,2,1,3,1
2200140524,1,1,0,1,1,1,2,2,1,3,1
2205262977,1,1,0,1,1,1,2,2,1,3,1
2205295854,1,1,0,1,1,1,2,2,1,3,1
2212869385,1,1,0,1,1,1,2,2,1,3,1
2216517887,1,1,0,1,1,1,2,2,1,3,1
2216688114,1,1,0,1,1,1,2,2,1,3,1
2265571912,1,1,0,1,1,1,2,2,1,3,1
2297859895,1,1,0,1,1,1,2,2,1,3,1
2309030981,1,1,0,1,1,1,2,2,1,3,1
2425024961,1,1,0,1,1,1,2,2,1,3,1
2426300195,1,1,0,1,1,1,2,2,1,3,1
2429570273,1,1,0,1,1,1,2,2,1,3,1
2451949553,1,1,0,1,1,1,2,2,1,3,1
2451979163,1,1,0,1,1,1,2,2,1,3,1
2462580650,1,1,0,1,1,1,2,2,1,3,1
2464087714,1,1,0,1,1,1,2,2,1,3,1
2470123875,1,1,0,1,1,1,2,2,1,3,1
2479261571,1,1,0,1,1,1,2,2,1,3,1
2480052544,1,1,0,1,1,1,2,2,1,3,1
2530070655,1,1,0,1,1,1,2,2,1,3,1
2532123653,1,1,0,1,1,1,2,2,1,3,1
2534115874,1,1,0,1,1,1,2,2,1,3,1
2537441860,1,1,0,1,1,1,2,2,1,3,1
2549986264,1,1,0,1,1,1,2,2,1,3,1
2605287444,1,1,0,1,1,1,2,2,1,3,1
2609560782,1,1,0,1,1,1,2,2,1,3,1
2609576940,1,1,0,1,1,1,2,2,1,3,1
2616220302,1,1,0,1,1,1,2,2,1,3,1
2626472827,1,1,0,1,1,1,2,2,1,3,1
2650116747,1,1,0,1,1,1,2,2,1,3,1
2674910821,1,1,0,1,1,1,2,2,1,3,1
2675070131,1,1,0,1,1,1,2,2,1,3,1
2676926163,1,1,0,1,1,1,2,2,1,3,1
2696049674,1,1,0,1,1,1,2,2,1,3,1
2740584771,1,1,0,1,1,1,2,2,1,3,1
2743450362,1,1,0,1,1,1,2,2,1,3,1
2768679215,1,1,0,1,1,1,2,2,1,3,1
2769635085,1,1,0,1,1,1,2,2,1,3,1
2802959504,1,1,0,1,1,1,2,2,1,3,1
2814626914,1,1,0,1,1,1,2,2,1,3,1
2884913132,1,1,0,1,1,1,2,2,1,3,1
2894982024,1,1,0,1,1,1,2,2,1,3,1
2945394960,1,1,0,1,1,1,2,2,1,3,1
2969591131,1,1,0,1,1,1,2,2,1,3,1
3015078687,1,1,0,1,1,1,2,2,1,3,1
3052564797,1,1,0,1,1,1,2,2,1,3,1
3071506104,1,1,0,1,1,1,2,2,1,3,1
3123721630,1,1,0,1,1,1,2,2,1,3,1
3158629034,1,1,0,1,1,1,2,2,1,3,1
3160207440,1,1,0,1,1,1,2,2,1,3,1
3168946765,1,1,0,1,1,1,2,2,1,3,1
3172300192,1,1,0,1,1,1,2,2,1,3,1
3190998314,1,1,0,1,1,1,2,2,1,3,1
3192193400,1,1,0,1,1,1,2,2,1,3,1
3195647907,1,1,0,1,1,1,2,2,1,3,1
3228078342,1,1,0,1,1,1,2,2,1,3,1
3237812487,1,1,0,1,1,1,2,2,1,3,1
3271839350,1,1,0,1,1,1,2,2,1,3,1
3417230380,1,1,0,1,1,1,2,2,1,3,1
3488860404,1,1,0,1,1,1,2,2,1,3,1
3489450883,1,1,0,1,1,1,2,2,1,3,1
3546709177,1,1,0,1,1,1,2,2,1,3,1
3649758140,1,1,0,1,1,1,2,2,1,3,1
3693534513,1,1,0,1,1,1,2,2,1,3,1
3719157290,1,1,0,1,1,1,2,2,1,3,1
3856142061,1,1,0,1,1,1,2,2,1,3,1
3856174794,1,1,0,1,1,1,2,2,1,3,1
3900019299,1,1,0,1,1,1,2,2,1,3,1
3915472227,1,1,0,1,1,1,2,2,1,3,1
3939417761,1,1,0,1,1,1,2,2,1,3,1
3940204022,1,1,0,1,1,1,2,2,1,3,1
3951710017,1,1,0,1,1,1,2,2,1,3,1
3956635751,1,1,0,1,1,1,2,2,1,3,1
3961916368,1,1,0,1,1,1,2,2,1,3,1
3975786640,1,1,0,1,1,1,2,2,1,3,1
3976484565,1,1,0,1,1,1,2,2,1,3,1
5042313820,1,1,0,1,1,1,2,2,1,3,1
5043723586,1,1,0,1,1,1,2,2,1,3,1
5056608394,1,1,0,1,1,1,2,2,1,3,1
5091956958,1,1,0,1,1,1,2,2,1,3,1
5092088752,1,1,0,1,1,1,2,2,1,3,1
5121478758,1,1,0,1,1,1,2,2,1,3,1
5146889100,1,1,0,1,1,1,2,2,1,3,1
5156802832,1,1,0,1,1,1,2,2,1,3,1
5177167708,1,1,0,1,1,1,2,2,1,3,1
5178570128,1,1,0,1,1,1,2,2,1,3,1
5197532885,1,1,0,1,1,1,2,2,1,3,1
5199709563,1,1,0,1,1,1,2,2,1,3,1
5200462479,1,1,0,1,1,1,2,2,1,3,1
5213379204,1,1,0,1,1,1,2,2,1,3,1
5217310849,1,1,0,1,1,1,2,2,1,3,1
5236442064,1,1,0,1,1,1,2,2,1,3,1
5269822571,1,1,0,1,1,1,2,2,1,3,1
5331390044,1,1,0,1,1,1,2,2,1,3,1
5334233196,1,1,0,1,1,1,2,2,1,3,1
5380882701,1,1,0,1,1,1,2,2,1,3,1
5385431433,1,1,0,1,1,1,2,2,1,3,1
5427392009,1,1,0,1,1,1,2,2,1,3,1
5430428342,1,1,0,1,1,1,2,2,1,3,1
5445766958,1,1,0,1,1,1,2,2,1,3,1
5463027264,1,1,0,1,1,1,2,2,1,3,1
5473941628,1,1,0,1,1,1,2,2,1,3,1
5481674352,1,1,0,1,1,1,2,2,1,3,1
5486700955,1,1,0,1,1,1,2,2,1,3,1
5558722309,1,1,0,1,1,1,2,2,1,3,1
5559215404,1,1,0,1,1,1,2,2,1,3,1
5561396163,1,1,0,1,1,1,2,2,1,3,1
5572134691,1,1,0,1,1,1,2,2,1,3,1
5594542318,1,1,0,1,1,1,2,2,1,3,1
5596261365,1,1,0,1,1,1,2,2,1,3,1
5596297890,1,1,0,1,1,1,2,2,1,3,1
5597448248,1,1,0,1,1,1,2,2,1,3,1
5610755802,1,1,0,1,1,1,2,2,1,3,1
5611022975,1,1,0,1,1,1,2,2,1,3,1
5611046370,1,1,0,1,1,1,2,2,1,3,1
5629741139,1,1,0,1,1,1,2,2,1,3,1
5639572273,1,1,0,1,1,1,2,2,1,3,1
5657993818,1,1,0,1,1,1,2,2,1,3,1
5661566460,1,1,0,1,1,1,2,2,1,3,1
5679231548,1,1,0,1,1,1,2,2,1,3,1
5703757400,1,1,0,1,1,1,2,2,1,3,1
5705310235,1,1,0,1,1,1,2,2,1,3,1
5724681072,1,1,0,1,1,1,2,2,1,3,1
5786983557,1,1,0,1,1,1,2,2,1,3,1
5828523965,1,1,0,1,1,1,2,2,1,3,1
5873139785,1,1,0,1,1,1,2,2,1,3,1
5880224699,1,1,0,1,1,1,2,2,1,3,1
5921199319,1,1,0,1,1,1,2,2,1,3,1
6017190878,1,1,0,1,1,1,2,2,1,3,1
6026502015,1,1,0,1,1,1,2,2,1,3,1
6042990975,1,1,0,1,1,1,2,2,1,3,1
6048429967,1,1,0,1,1,1,2,2,1,3,1
6155344804,1,1,0,1,1,1,2,2,1,3,1
6259484379,1,1,0,1,1,1,2,2,1,3,1
6321894695,1,1,0,1,1,1,2,2,1,3,1
6345028642,1,1,0,1,1,1,2,2,1,3,1
6358299627,1,1,0,1,1,1,2,2,1,3,1
6392886792,1,1,0,1,1,1,2,2,1,3,1
6401444784,1,1,0,1,1,1,2,2,1,3,1
6568416443,1,1,0,1,1,1,2,2,1,3,1
6573411220,1,1,0,1,1,1,2,2,1,3,1
6582916739,1,1,0,1,1,1,2,2,1,3,1
6849915621,1,1,0,1,1,1,2,2,1,3,1
7168618354,1,1,0,1,1,1,2,2,1,3,1
7305894481,1,1,0,1,1,1,2,2,1,3,1
7307981953,1,1,0,1,1,1,2,2,1,3,1
7375867159,1,1,0,1,1,1,2,2,1,3,1
7388946375,1,1,0,1,1,1,2,2,1,3,1
7479404791,1,1,0,1,1,1,2,2,1,3,1
1770545650,1,1,1,1,1,1,2,2,1,3,1
1789250890,1,1,1,1,1,1,2,2,1,3,1
1794749693,1,1,1,1,1,1,2,2,1,3,1
1844275747,1,1,1,1,1,1,2,2,1,3,1
1893204962,1,1,1,1,1,1,2,2,1,3,1
1900412195,1,1,1,1,1,1,2,2,1,3,1
1906874803,1,1,1,1,1,1,2,2,1,3,1
1935265547,1,1,1,1,1,1,2,2,1,3,1
1936959151,1,1,1,1,1,1,2,2,1,3,1
1942357207,1,1,1,1,1,1,2,2,1,3,1
1957274444,1,1,1,1,1,1,2,2,1,3,1
1964619957,1,1,1,1,1,1,2,2,1,3,1
1964974191,1,1,1,1,1,1,2,2,1,3,1
1967953043,1,1,1,1,1,1,2,2,1,3,1
1968909041,1,1,1,1,1,1,2,2,1,3,1
1980140617,1,1,1,1,1,1,2,2,1,3,1
1985630771,1,1,1,1,1,1,2,2,1,3,1
1993390131,1,1,1,1,1,1,2,2,1,3,1
2050025717,1,1,1,1,1,1,2,2,1,3,1
2096558565,1,1,1,1,1,1,2,2,1,3,1
2112825082,1,1,1,1,1,1,2,2,1,3,1
2113500964,1,1,1,1,1,1,2,2,1,3,1
2143914072,1,1,1,1,1,1,2,2,1,3,1
2233270392,1,1,1,1,1,1,2,2,1,3,1
2241948204,1,1,1,1,1,1,2,2,1,3,1
2258778610,1,1,1,1,1,1,2,2,1,3,1
2266453380,1,1,1,1,1,1,2,2,1,3,1
2286974611,1,1,1,1,1,1,2,2,1,3,1
2288248145,1,1,1,1,1,1,2,2,1,3,1
2294165474,1,1,1,1,1,1,2,2,1,3,1
2337748750,1,1,1,1,1,1,2,2,1,3,1
2384152914,1,1,1,1,1,1,2,2,1,3,1
2403752844,1,1,1,1,1,1,2,2,1,3,1
2403912521,1,1,1,1,1,1,2,2,1,3,1
2442273073,1,1,1,1,1,1,2,2,1,3,1
2486023042,1,1,1,1,1,1,2,2,1,3,1
2527687040,1,1,1,1,1,1,2,2,1,3,1
2538642904,1,1,1,1,1,1,2,2,1,3,1
2541763545,1,1,1,1,1,1,2,2,1,3,1
2588125414,1,1,1,1,1,1,2,2,1,3,1
2610594573,1,1,1,1,1,1,2,2,1,3,1
2620031961,1,1,1,1,1,1,2,2,1,3,1
2626309855,1,1,1,1,1,1,2,2,1,3,1
2626472787,1,1,1,1,1,1,2,2,1,3,1
2639029341,1,1,1,1,1,1,2,2,1,3,1
2698282460,1,1,1,1,1,1,2,2,1,3,1
2703419987,1,1,1,1,1,1,2,2,1,3,1
2986699172,1,1,1,1,1,1,2,2,1,3,1
3042118660,1,1,1,1,1,1,2,2,1,3,1
3053154652,1,1,1,1,1,1,2,2,1,3,1
3106250394,1,1,1,1,1,1,2,2,1,3,1
3195538854,1,1,1,1,1,1,2,2,1,3,1
3271857672,1,1,1,1,1,1,2,2,1,3,1
3323927000,1,1,1,1,1,1,2,2,1,3,1
3334142714,1,1,1,1,1,1,2,2,1,3,1
3354394424,1,1,1,1,1,1,2,2,1,3,1
3445249020,1,1,1,1,1,1,2,2,1,3,1
3540607485,1,1,1,1,1,1,2,2,1,3,1
3582010354,1,1,1,1,1,1,2,2,1,3,1
3600956903,1,1,1,1,1,1,2,2,1,3,1
3606844282,1,1,1,1,1,1,2,2,1,3,1
3859770782,1,1,1,1,1,1,2,2,1,3,1
3912076973,1,1,1,1,1,1,2,2,1,3,1
5332219646,1,1,1,1,1,1,2,2,1,3,1
5367034453,1,1,1,1,1,1,2,2,1,3,1
5404625835,1,1,1,1,1,1,2,2,1,3,1
5618023639,1,1,1,1,1,1,2,2,1,3,1
5692872461,1,1,1,1,1,1,2,2,1,3,1
5872828878,1,1,1,1,1,1,2,2,1,3,1
5876889288,1,1,1,1,1,1,2,2,1,3,1
6067873008,1,1,1,1,1,1,2,2,1,3,1
6238983631,1,1,1,1,1,1,2,2,1,3,1
2482325401,1,1,1,3,1,1,2,2,1,3,1
1101010754,1,0,0,1,1,0,1,2,1,3,1
1145981504,1,0,0,1,1,0,1,2,1,3,1
1300978640,1,0,0,1,1,0,1,2,1,3,1
1314938863,1,0,0,1,1,0,1,2,1,3,1
1797168385,1,0,0,1,1,0,1,2,1,3,1
1905862701,1,0,0,1,1,0,1,2,1,3,1
1921556761,1,0,0,1,1,0,1,2,1,3,1
1988752725,1,0,0,1,1,0,1,2,1,3,1
2005802051,1,0,0,1,1,0,1,2,1,3,1
2017036841,1,0,0,1,1,0,1,2,1,3,1
2034124252,1,0,0,1,1,0,1,2,1,3,1
2084611243,1,0,0,1,1,0,1,2,1,3,1
2119728672,1,0,0,1,1,0,1,2,1,3,1
2240446517,1,0,0,1,1,0,1,2,1,3,1
2244161812,1,0,0,1,1,0,1,2,1,3,1
2402252567,1,0,0,1,1,0,1,2,1,3,1
2426358581,1,0,0,1,1,0,1,2,1,3,1
2472970857,1,0,0,1,1,0,1,2,1,3,1
2473528064,1,0,0,1,1,0,1,2,1,3,1
2492437143,1,0,0,1,1,0,1,2,1,3,1
2565024591,1,0,0,1,1,0,1,2,1,3,1
2588125564,1,0,0,1,1,0,1,2,1,3,1
2612187695,1,0,0,1,1,0,1,2,1,3,1
2652595170,1,0,0,1,1,0,1,2,1,3,1
2732415524,1,0,0,1,1,0,1,2,1,3,1
2749468964,1,0,0,1,1,0,1,2,1,3,1
2833515205,1,0,0,1,1,0,1,2,1,3,1
2854983060,1,0,0,1,1,0,1,2,1,3,1
2862148974,1,0,0,1,1,0,1,2,1,3,1
2895499890,1,0,0,1,1,0,1,2,1,3,1
3160574860,1,0,0,1,1,0,1,2,1,3,1
3166580017,1,0,0,1,1,0,1,2,1,3,1
3215096700,1,0,0,1,1,0,1,2,1,3,1
3270726990,1,0,0,1,1,0,1,2,1,3,1
3273385507,1,0,0,1,1,0,1,2,1,3,1
3329404852,1,0,0,1,1,0,1,2,1,3,1
3332882872,1,0,0,1,1,0,1,2,1,3,1
3422089982,1,0,0,1,1,0,1,2,1,3,1
3461474002,1,0,0,1,1,0,1,2,1,3,1
3861228581,1,0,0,1,1,0,1,2,1,3,1
3907706821,1,0,0,1,1,0,1,2,1,3,1
3925016283,1,0,0,1,1,0,1,2,1,3,1
3930794463,1,0,0,1,1,0,1,2,1,3,1
5044444356,1,0,0,1,1,0,1,2,1,3,1
5068742142,1,0,0,1,1,0,1,2,1,3,1
5083088522,1,0,0,1,1,0,1,2,1,3,1
5120492889,1,0,0,1,1,0,1,2,1,3,1
5130283166,1,0,0,1,1,0,1,2,1,3,1
5130310847,1,0,0,1,1,0,1,2,1,3,1
5139616569,1,0,0,1,1,0,1,2,1,3,1
5337694199,1,0,0,1,1,0,1,2,1,3,1
5359047537,1,0,0,1,1,0,1,2,1,3,1
5407351578,1,0,0,1,1,0,1,2,1,3,1
5460202851,1,0,0,1,1,0,1,2,1,3,1
5461191959,1,0,0,1,1,0,1,2,1,3,1
5462005118,1,0,0,1,1,0,1,2,1,3,1
5490935244,1,0,0,1,1,0,1,2,1,3,1
5496571663,1,0,0,1,1,0,1,2,1,3,1
5647766894,1,0,0,1,1,0,1,2,1,3,1
5907419012,1,0,0,1,1,0,1,2,1,3,1
5921206877,1,0,0,1,1,0,1,2,1,3,1
5941819144,1,0,0,1,1,0,1,2,1,3,1
5953922777,1,0,0,1,1,0,1,2,1,3,1
6058816447,1,0,0,1,1,0,1,2,1,3,1
6085950831,1,0,0,1,1,0,1,2,1,3,1
6509769339,1,0,0,1,1,0,1,2,1,3,1
6525943125,1,0,0,1,1,0,1,2,1,3,1
7341333792,1,0,0,1,1,0,1,2,1,3,1
7439725104,1,0,0,1,1,0,1,2,1,3,1
7452392850,1,0,0,1,1,0,1,2,1,3,1
7547571165,1,0,0,1,1,0,1,2,1,3,1
7619841220,1,0,0,1,1,0,1,2,1,3,1
1699377733,1,0,1,1,1,0,1,2,1,3,1
1709350393,1,0,1,1,1,0,1,2,1,3,1
1935074473,1,0,1,1,1,0,1,2,1,3,1
1936009361,1,0,1,1,1,0,1,2,1,3,1
1968352211,1,0,1,1,1,0,1,2,1,3,1
2049035730,1,0,1,1,1,0,1,2,1,3,1
2062400750,1,0,1,1,1,0,1,2,1,3,1
2235490967,1,0,1,1,1,0,1,2,1,3,1
2240099322,1,0,1,1,1,0,1,2,1,3,1
2307882043,1,0,1,1,1,0,1,2,1,3,1
2417173301,1,0,1,1,1,0,1,2,1,3,1
2571494540,1,0,1,1,1,0,1,2,1,3,1
2590508280,1,0,1,1,1,0,1,2,1,3,1
2633651743,1,0,1,1,1,0,1,2,1,3,1
2696044050,1,0,1,1,1,0,1,2,1,3,1
2710077380,1,0,1,1,1,0,1,2,1,3,1
2728483914,1,0,1,1,1,0,1,2,1,3,1
2874978364,1,0,1,1,1,0,1,2,1,3,1
3206657871,1,0,1,1,1,0,1,2,1,3,1
3328824184,1,0,1,1,1,0,1,2,1,3,1
3514408660,1,0,1,1,1,0,1,2,1,3,1
3927469685,1,0,1,1,1,0,1,2,1,3,1
5033508400,1,0,1,1,1,0,1,2,1,3,1
1269957363,1,0,0,1,1,1,1,2,1,3,1
1307923317,1,0,0,1,1,1,1,2,1,3,1
1343698617,1,0,0,1,1,1,1,2,1,3,1
1863328861,1,0,0,1,1,1,1,2,1,3,1
1937998434,1,0,0,1,1,1,1,2,1,3,1
1949428647,1,0,0,1,1,1,1,2,1,3,1
1987005371,1,0,0,1,1,1,1,2,1,3,1
2006763933,1,0,0,1,1,1,1,2,1,3,1
2054757073,1,0,0,1,1,1,1,2,1,3,1
2087973903,1,0,0,1,1,1,1,2,1,3,1
2106849544,1,0,0,1,1,1,1,2,1,3,1
2153760051,1,0,0,1,1,1,1,2,1,3,1
2197452570,1,0,0,1,1,1,1,2,1,3,1
2235240072,1,0,0,1,1,1,1,2,1,3,1
2268116432,1,0,0,1,1,1,1,2,1,3,1
2309197523,1,0,0,1,1,1,1,2,1,3,1
2309793941,1,0,0,1,1,1,1,2,1,3,1
2317253835,1,0,0,1,1,1,1,2,1,3,1
2348130221,1,0,0,1,1,1,1,2,1,3,1
2359162503,1,0,0,1,1,1,1,2,1,3,1
2450277590,1,0,0,1,1,1,1,2,1,3,1
2490139802,1,0,0,1,1,1,1,2,1,3,1
2504604003,1,0,0,1,1,1,1,2,1,3,1
2609976834,1,0,0,1,1,1,1,2,1,3,1
2619396720,1,0,0,1,1,1,1,2,1,3,1
2621965512,1,0,0,1,1,1,1,2,1,3,1
2635825471,1,0,0,1,1,1,1,2,1,3,1
2644275493,1,0,0,1,1,1,1,2,1,3,1
2653461592,1,0,0,1,1,1,1,2,1,3,1
2673596491,1,0,0,1,1,1,1,2,1,3,1
2686283653,1,0,0,1,1,1,1,2,1,3,1
2710841053,1,0,0,1,1,1,1,2,1,3,1
2718782231,1,0,0,1,1,1,1,2,1,3,1
2729749110,1,0,0,1,1,1,1,2,1,3,1
2731831245,1,0,0,1,1,1,1,2,1,3,1
2921243364,1,0,0,1,1,1,1,2,1,3,1
2970723445,1,0,0,1,1,1,1,2,1,3,1
3028170407,1,0,0,1,1,1,1,2,1,3,1
3077983172,1,0,0,1,1,1,1,2,1,3,1
3154595907,1,0,0,1,1,1,1,2,1,3,1
3224076474,1,0,0,1,1,1,1,2,1,3,1
3274300483,1,0,0,1,1,1,1,2,1,3,1
3279245094,1,0,0,1,1,1,1,2,1,3,1
3307503492,1,0,0,1,1,1,1,2,1,3,1
3326710170,1,0,0,1,1,1,1,2,1,3,1
3361952722,1,0,0,1,1,1,1,2,1,3,1
3375311402,1,0,0,1,1,1,1,2,1,3,1
3422308042,1,0,0,1,1,1,1,2,1,3,1
3506758563,1,0,0,1,1,1,1,2,1,3,1
3512711357,1,0,0,1,1,1,1,2,1,3,1
3557414151,1,0,0,1,1,1,1,2,1,3,1
3633206074,1,0,0,1,1,1,1,2,1,3,1
3634080191,1,0,0,1,1,1,1,2,1,3,1
3639829653,1,0,0,1,1,1,1,2,1,3,1
3649799392,1,0,0,1,1,1,1,2,1,3,1
3652539895,1,0,0,1,1,1,1,2,1,3,1
3674007143,1,0,0,1,1,1,1,2,1,3,1
3682222534,1,0,0,1,1,1,1,2,1,3,1
3704685267,1,0,0,1,1,1,1,2,1,3,1
3918556037,1,0,0,1,1,1,1,2,1,3,1
3938812452,1,0,0,1,1,1,1,2,1,3,1
3963092958,1,0,0,1,1,1,1,2,1,3,1
3969407380,1,0,0,1,1,1,1,2,1,3,1
3974870414,1,0,0,1,1,1,1,2,1,3,1
5036269648,1,0,0,1,1,1,1,2,1,3,1
5040677736,1,0,0,1,1,1,1,2,1,3,1
5064283405,1,0,0,1,1,1,1,2,1,3,1
5066635908,1,0,0,1,1,1,1,2,1,3,1
5068486975,1,0,0,1,1,1,1,2,1,3,1
5071004654,1,0,0,1,1,1,1,2,1,3,1
5078185073,1,0,0,1,1,1,1,2,1,3,1
5085372780,1,0,0,1,1,1,1,2,1,3,1
5303340029,1,0,0,1,1,1,1,2,1,3,1
5341858893,1,0,0,1,1,1,1,2,1,3,1
5467859386,1,0,0,1,1,1,1,2,1,3,1
5475670809,1,0,0,1,1,1,1,2,1,3,1
5496837587,1,0,0,1,1,1,1,2,1,3,1
5539558550,1,0,0,1,1,1,1,2,1,3,1
5572895687,1,0,0,1,1,1,1,2,1,3,1
5592619233,1,0,0,1,1,1,1,2,1,3,1
5598160859,1,0,0,1,1,1,1,2,1,3,1
5637993437,1,0,0,1,1,1,1,2,1,3,1
5648883150,1,0,0,1,1,1,1,2,1,3,1
5658651146,1,0,0,1,1,1,1,2,1,3,1
5972831780,1,0,0,1,1,1,1,2,1,3,1
6011848593,1,0,0,1,1,1,1,2,1,3,1
6164179248,1,0,0,1,1,1,1,2,1,3,1
6313391623,1,0,0,1,1,1,1,2,1,3,1
6469491058,1,0,0,1,1,1,1,2,1,3,1
6650459496,1,0,0,1,1,1,1,2,1,3,1
7306522290,1,0,0,1,1,1,1,2,1,3,1
7337794444,1,0,0,1,1,1,1,2,1,3,1
7418885402,1,0,0,1,1,1,1,2,1,3,1
1234499617,1,0,1,1,1,1,1,2,1,3,1
1266164102,1,0,1,1,1,1,1,2,1,3,1
1919769503,1,0,1,1,1,1,1,2,1,3,1
1971263622,1,0,1,1,1,1,1,2,1,3,1
1973319807,1,0,1,1,1,1,1,2,1,3,1
1986358693,1,0,1,1,1,1,1,2,1,3,1
2022400835,1,0,1,1,1,1,1,2,1,3,1
2055576275,1,0,1,1,1,1,1,2,1,3,1
2115314043,1,0,1,1,1,1,1,2,1,3,1
2156372723,1,0,1,1,1,1,1,2,1,3,1
2292021850,1,0,1,1,1,1,1,2,1,3,1
2407490951,1,0,1,1,1,1,1,2,1,3,1
2409743167,1,0,1,1,1,1,1,2,1,3,1
2665774271,1,0,1,1,1,1,1,2,1,3,1
2948771574,1,0,1,1,1,1,1,2,1,3,1
3196417607,1,0,1,1,1,1,1,2,1,3,1
3203993120,1,0,1,1,1,1,1,2,1,3,1
3424054302,1,0,1,1,1,1,1,2,1,3,1
3562276267,1,0,1,1,1,1,1,2,1,3,1
3577025333,1,0,1,1,1,1,1,2,1,3,1
3687019147,1,0,1,1,1,1,1,2,1,3,1
3866097582,1,0,1,1,1,1,1,2,1,3,1
3912011602,1,0,1,1,1,1,1,2,1,3,1
5241222068,1,0,1,1,1,1,1,2,1,3,1
5431447659,1,0,1,1,1,1,1,2,1,3,1
5493832963,1,0,1,1,1,1,1,2,1,3,1
2339634231,1,2,0,1,1,0,0,2,1,3,1
2586154864,1,2,0,1,1,0,0,2,1,3,1
2815478680,1,2,0,1,1,0,0,2,1,3,1
3567412270,1,2,0,1,1,0,0,2,1,3,1
3767371870,1,2,0,1,1,0,0,2,1,3,1
3949090376,1,2,0,1,1,0,0,2,1,3,1
3972809759,1,2,0,1,1,0,0,2,1,3,1
5384801243,1,2,0,1,1,0,0,2,1,3,1
5522399953,1,2,0,1,1,0,0,2,1,3,1
5976510029,1,2,0,1,1,0,0,2,1,3,1
6502460797,1,2,0,1,1,0,0,2,1,3,1
1130284522,1,2,0,1,1,1,0,2,1,3,1
1461331505,1,2,0,1,1,1,0,2,1,3,1
1823507027,1,2,0,1,1,1,0,2,1,3,1
1867064437,1,2,0,1,1,1,0,2,1,3,1
2055690575,1,2,0,1,1,1,0,2,1,3,1
2082596927,1,2,0,1,1,1,0,2,1,3,1
2096303875,1,2,0,1,1,1,0,2,1,3,1
2119985101,1,2,0,1,1,1,0,2,1,3,1
2138456601,1,2,0,1,1,1,0,2,1,3,1
2313741042,1,2,0,1,1,1,0,2,1,3,1
2345852563,1,2,0,1,1,1,0,2,1,3,1
2414369130,1,2,0,1,1,1,0,2,1,3,1
2427032447,1,2,0,1,1,1,0,2,1,3,1
2451946993,1,2,0,1,1,1,0,2,1,3,1
2452004593,1,2,0,1,1,1,0,2,1,3,1
2470890693,1,2,0,1,1,1,0,2,1,3,1
2490306893,1,2,0,1,1,1,0,2,1,3,1
2519943690,1,2,0,1,1,1,0,2,1,3,1
2542815382,1,2,0,1,1,1,0,2,1,3,1
2588125620,1,2,0,1,1,1,0,2,1,3,1
2620648747,1,2,0,1,1,1,0,2,1,3,1
2643346122,1,2,0,1,1,1,0,2,1,3,1
2972503342,1,2,0,1,1,1,0,2,1,3,1
3199346627,1,2,0,1,1,1,0,2,1,3,1
3306569760,1,2,0,1,1,1,0,2,1,3,1
3334017434,1,2,0,1,1,1,0,2,1,3,1
3623597887,1,2,0,1,1,1,0,2,1,3,1
3697594187,1,2,0,1,1,1,0,2,1,3,1
3841206585,1,2,0,1,1,1,0,2,1,3,1
3876342106,1,2,0,1,1,1,0,2,1,3,1
3885795212,1,2,0,1,1,1,0,2,1,3,1
3911617807,1,2,0,1,1,1,0,2,1,3,1
3924721943,1,2,0,1,1,1,0,2,1,3,1
3955261359,1,2,0,1,1,1,0,2,1,3,1
5065571660,1,2,0,1,1,1,0,2,1,3,1
5120552390,1,2,0,1,1,1,0,2,1,3,1
5120949236,1,2,0,1,1,1,0,2,1,3,1
5201566670,1,2,0,1,1,1,0,2,1,3,1
5328345103,1,2,0,1,1,1,0,2,1,3,1
5401012250,1,2,0,1,1,1,0,2,1,3,1
5430282517,1,2,0,1,1,1,0,2,1,3,1
5433898646,1,2,0,1,1,1,0,2,1,3,1
5489421971,1,2,0,1,1,1,0,2,1,3,1
5490667576,1,2,0,1,1,1,0,2,1,3,1
5500574305,1,2,0,1,1,1,0,2,1,3,1
5710559612,1,2,0,1,1,1,0,2,1,3,1
5721142234,1,2,0,1,1,1,0,2,1,3,1
5725381863,1,2,0,1,1,1,0,2,1,3,1
5878527193,1,2,0,1,1,1,0,2,1,3,1
5885640466,1,2,0,1,1,1,0,2,1,3,1
5917682202,1,2,0,1,1,1,0,2,1,3,1
5976894768,1,2,0,1,1,1,0,2,1,3,1
6008483913,1,2,0,1,1,1,0,2,1,3,1
6315206710,1,2,0,1,1,1,0,2,1,3,1
6463753619,1,2,0,1,1,1,0,2,1,3,1
6579033207,1,2,0,1,1,1,0,2,1,3,1
7152216835,1,2,0,1,1,1,0,2,1,3,1
1363502007,1,2,1,1,1,1,0,2,1,3,1
1896960904,1,2,1,1,1,1,0,2,1,3,1
1929676450,1,2,1,1,1,1,0,2,1,3,1
1965630820,1,2,1,1,1,1,0,2,1,3,1
1973910862,1,2,1,1,1,1,0,2,1,3,1
1996630484,1,2,1,1,1,1,0,2,1,3,1
2014117191,1,2,1,1,1,1,0,2,1,3,1
2093171887,1,2,1,1,1,1,0,2,1,3,1
2113717622,1,2,1,1,1,1,0,2,1,3,1
2139684615,1,2,1,1,1,1,0,2,1,3,1
2231627830,1,2,1,1,1,1,0,2,1,3,1
2258717480,1,2,1,1,1,1,0,2,1,3,1
2355658474,1,2,1,1,1,1,0,2,1,3,1
2608223021,1,2,1,1,1,1,0,2,1,3,1
3199717512,1,2,1,1,1,1,0,2,1,3,1
3217343880,1,2,1,1,1,1,0,2,1,3,1
3316876605,1,2,1,1,1,1,0,2,1,3,1
3356940544,1,2,1,1,1,1,0,2,1,3,1
3924812700,1,2,1,1,1,1,0,2,1,3,1
5094103156,1,2,1,1,1,1,0,2,1,3,1
5182805750,1,2,1,1,1,1,0,2,1,3,1
5897816720,1,2,1,1,1,1,0,2,1,3,1
5908184802,1,2,1,1,1,1,0,2,1,3,1
1920077735,1,1,2,1,1,0,2,1,1,3,1
1957405325,1,1,2,1,1,0,2,1,1,3,1
2081933265,1,1,2,1,1,0,2,1,1,3,1
2204033420,1,1,2,1,1,0,2,1,1,3,1
2207702064,1,1,2,1,1,0,2,1,1,3,1
2541592687,1,1,2,1,1,0,2,1,1,3,1
2645654357,1,1,2,1,1,0,2,1,1,3,1
2722031203,1,1,2,1,1,0,2,1,1,3,1
2997829562,1,1,2,1,1,0,2,1,1,3,1
1155512370,1,1,2,1,1,1,2,1,1,3,1
1189617115,1,1,2,1,1,1,2,1,1,3,1
1617499760,1,1,2,1,1,1,2,1,1,3,1
1735882701,1,1,2,1,1,1,2,1,1,3,1
1761616742,1,1,2,1,1,1,2,1,1,3,1
1767961804,1,1,2,1,1,1,2,1,1,3,1
1882716230,1,1,2,1,1,1,2,1,1,3,1
1897723622,1,1,2,1,1,1,2,1,1,3,1
1916780343,1,1,2,1,1,1,2,1,1,3,1
1917433500,1,1,2,1,1,1,2,1,1,3,1
1918830794,1,1,2,1,1,1,2,1,1,3,1
1919955065,1,1,2,1,1,1,2,1,1,3,1
1920359817,1,1,2,1,1,1,2,1,1,3,1
1926663481,1,1,2,1,1,1,2,1,1,3,1
1943128881,1,1,2,1,1,1,2,1,1,3,1
1962888943,1,1,2,1,1,1,2,1,1,3,1
1973743580,1,1,2,1,1,1,2,1,1,3,1
1977889537,1,1,2,1,1,1,2,1,1,3,1
1978054071,1,1,2,1,1,1,2,1,1,3,1
1986352853,1,1,2,1,1,1,2,1,1,3,1
1988438334,1,1,2,1,1,1,2,1,1,3,1
2014065671,1,1,2,1,1,1,2,1,1,3,1
2057392851,1,1,2,1,1,1,2,1,1,3,1
2072751944,1,1,2,1,1,1,2,1,1,3,1
2108237403,1,1,2,1,1,1,2,1,1,3,1
2115980191,1,1,2,1,1,1,2,1,1,3,1
2140196951,1,1,2,1,1,1,2,1,1,3,1
2214800980,1,1,2,1,1,1,2,1,1,3,1
2257500342,1,1,2,1,1,1,2,1,1,3,1
2268237752,1,1,2,1,1,1,2,1,1,3,1
2384889627,1,1,2,1,1,1,2,1,1,3,1
2418542712,1,1,2,1,1,1,2,1,1,3,1
2418724427,1,1,2,1,1,1,2,1,1,3,1
2489596935,1,1,2,1,1,1,2,1,1,3,1
2539867622,1,1,2,1,1,1,2,1,1,3,1
2590506090,1,1,2,1,1,1,2,1,1,3,1
2590508324,1,1,2,1,1,1,2,1,1,3,1
2607534827,1,1,2,1,1,1,2,1,1,3,1
2607972104,1,1,2,1,1,1,2,1,1,3,1
2608703882,1,1,2,1,1,1,2,1,1,3,1
2662494703,1,1,2,1,1,1,2,1,1,3,1
2738546443,1,1,2,1,1,1,2,1,1,3,1
2752396553,1,1,2,1,1,1,2,1,1,3,1
2860954042,1,1,2,1,1,1,2,1,1,3,1
2892786960,1,1,2,1,1,1,2,1,1,3,1
3163782211,1,1,2,1,1,1,2,1,1,3,1
3171944275,1,1,2,1,1,1,2,1,1,3,1
3194920592,1,1,2,1,1,1,2,1,1,3,1
3267315877,1,1,2,1,1,1,2,1,1,3,1
3487447983,1,1,2,1,1,1,2,1,1,3,1
3605364617,1,1,2,1,1,1,2,1,1,3,1
3820915614,1,1,2,1,1,1,2,1,1,3,1
3823554401,1,1,2,1,1,1,2,1,1,3,1
5018637328,1,1,2,1,1,1,2,1,1,3,1
5211979483,1,1,2,1,1,1,2,1,1,3,1
7073634525,1,1,2,1,1,1,2,1,1,3,1
1937187173,1,0,2,1,1,0,1,1,1,3,1
2013174105,1,0,2,1,1,0,1,1,1,3,1
2092312995,1,0,2,1,1,0,1,1,1,3,1
2128914281,1,0,2,1,1,0,1,1,1,3,1
2490830195,1,0,2,1,1,0,1,1,1,3,1
2568435544,1,0,2,1,1,0,1,1,1,3,1
2606243004,1,0,2,1,1,0,1,1,1,3,1
2713876763,1,0,2,1,1,0,1,1,1,3,1
3156358147,1,0,2,1,1,0,1,1,1,3,1
1343370153,1,0,2,1,1,1,1,1,1,3,1
1871802012,1,0,2,1,1,1,1,1,1,3,1
1919857493,1,0,2,1,1,1,1,1,1,3,1
2015316631,1,0,2,1,1,1,1,1,1,3,1
2115973751,1,0,2,1,1,1,1,1,1,3,1
2170749461,1,0,2,1,1,1,1,1,1,3,1
2258833123,1,0,2,1,1,1,1,1,1,3,1
2282670150,1,0,2,1,1,1,1,1,1,3,1
2388955087,1,0,2,1,1,1,1,1,1,3,1
2418432711,1,0,2,1,1,1,1,1,1,3,1
2501519087,1,0,2,1,1,1,1,1,1,3,1
2539961154,1,0,2,1,1,1,1,1,1,3,1
2635818911,1,0,2,1,1,1,1,1,1,3,1
2892818962,1,0,2,1,1,1,1,1,1,3,1
2998045524,1,0,2,1,1,1,1,1,1,3,1
3142846247,1,0,2,1,1,1,1,1,1,3,1
3547932981,1,0,2,1,1,1,1,1,1,3,1
3592075834,1,0,2,1,1,1,1,1,1,3,1
3708524475,1,0,2,1,1,1,1,1,1,3,1
3757167087,1,0,2,1,1,1,1,1,1,3,1
3991933704,1,0,2,1,1,1,1,1,1,3,1
5031100920,1,0,2,1,1,1,1,1,1,3,1
5149608258,1,0,2,1,1,1,1,1,1,3,1
2119628851,1,0,2,3,1,1,1,1,1,3,1
5053469079,1,0,2,3,1,1,1,1,1,3,1
1701367442,1,2,2,1,1,1,0,1,1,3,1
1718699234,1,2,2,1,1,1,0,1,1,3,1
1785693845,1,2,2,1,1,1,0,1,1,3,1
1869124960,1,2,2,1,1,1,0,1,1,3,1
1898050623,1,2,2,1,1,1,0,1,1,3,1
1919688583,1,2,2,1,1,1,0,1,1,3,1
1968863541,1,2,2,1,1,1,0,1,1,3,1
2043228245,1,2,2,1,1,1,0,1,1,3,1
2053061043,1,2,2,1,1,1,0,1,1,3,1
2113463832,1,2,2,1,1,1,0,1,1,3,1
2443744521,1,2,2,1,1,1,0,1,1,3,1
2616360197,1,2,2,1,1,1,0,1,1,3,1
2646963635,1,2,2,1,1,1,0,1,1,3,1
2707274307,1,2,2,1,1,1,0,1,1,3,1
1412137207,1,1,0,0,0,0,2,2,2,2,1
1896055604,1,1,0,0,0,0,2,2,2,2,1
1917078550,1,1,0,0,0,0,2,2,2,2,1
1970611631,1,1,0,0,0,0,2,2,2,2,1
1992609200,1,1,0,0,0,0,2,2,2,2,1
2021910305,1,1,0,0,0,0,2,2,2,2,1
2036022302,1,1,0,0,0,0,2,2,2,2,1
2049507924,1,1,0,0,0,0,2,2,2,2,1
2062204527,1,1,0,0,0,0,2,2,2,2,1
2093664591,1,1,0,0,0,0,2,2,2,2,1
2120077445,1,1,0,0,0,0,2,2,2,2,1
2155282905,1,1,0,0,0,0,2,2,2,2,1
2163644027,1,1,0,0,0,0,2,2,2,2,1
2178811917,1,1,0,0,0,0,2,2,2,2,1
2192461487,1,1,0,0,0,0,2,2,2,2,1
2218345744,1,1,0,0,0,0,2,2,2,2,1
2218663347,1,1,0,0,0,0,2,2,2,2,1
2233108592,1,1,0,0,0,0,2,2,2,2,1
2240920891,1,1,0,0,0,0,2,2,2,2,1
2257544662,1,1,0,0,0,0,2,2,2,2,1
2281745534,1,1,0,0,0,0,2,2,2,2,1
2299367455,1,1,0,0,0,0,2,2,2,2,1
2402249731,1,1,0,0,0,0,2,2,2,2,1
2411025931,1,1,0,0,0,0,2,2,2,2,1
2420408937,1,1,0,0,0,0,2,2,2,2,1
2423342553,1,1,0,0,0,0,2,2,2,2,1
2452056183,1,1,0,0,0,0,2,2,2,2,1
2461791043,1,1,0,0,0,0,2,2,2,2,1
2467763475,1,1,0,0,0,0,2,2,2,2,1
2467794115,1,1,0,0,0,0,2,2,2,2,1
2470643017,1,1,0,0,0,0,2,2,2,2,1
2493142094,1,1,0,0,0,0,2,2,2,2,1
2502659555,1,1,0,0,0,0,2,2,2,2,1
2503895875,1,1,0,0,0,0,2,2,2,2,1
2512963422,1,1,0,0,0,0,2,2,2,2,1
2550409690,1,1,0,0,0,0,2,2,2,2,1
2551296953,1,1,0,0,0,0,2,2,2,2,1
2552914691,1,1,0,0,0,0,2,2,2,2,1
2553737234,1,1,0,0,0,0,2,2,2,2,1
2557736524,1,1,0,0,0,0,2,2,2,2,1
2557906954,1,1,0,0,0,0,2,2,2,2,1
2626487695,1,1,0,0,0,0,2,2,2,2,1
2629024260,1,1,0,0,0,0,2,2,2,2,1
2635196410,1,1,0,0,0,0,2,2,2,2,1
2642648361,1,1,0,0,0,0,2,2,2,2,1
2663669233,1,1,0,0,0,0,2,2,2,2,1
2685099583,1,1,0,0,0,0,2,2,2,2,1
2710754267,1,1,0,0,0,0,2,2,2,2,1
2733778437,1,1,0,0,0,0,2,2,2,2,1
2789768027,1,1,0,0,0,0,2,2,2,2,1
2818227402,1,1,0,0,0,0,2,2,2,2,1
2872954622,1,1,0,0,0,0,2,2,2,2,1
2880950722,1,1,0,0,0,0,2,2,2,2,1
2963084140,1,1,0,0,0,0,2,2,2,2,1
2981336200,1,1,0,0,0,0,2,2,2,2,1
3161767823,1,1,0,0,0,0,2,2,2,2,1
3186302852,1,1,0,0,0,0,2,2,2,2,1
3215993314,1,1,0,0,0,0,2,2,2,2,1
3304073790,1,1,0,0,0,0,2,2,2,2,1
3310379064,1,1,0,0,0,0,2,2,2,2,1
3496357023,1,1,0,0,0,0,2,2,2,2,1
3511731577,1,1,0,0,0,0,2,2,2,2,1
3515610192,1,1,0,0,0,0,2,2,2,2,1
3547931345,1,1,0,0,0,0,2,2,2,2,1
3560474441,1,1,0,0,0,0,2,2,2,2,1
3586881350,1,1,0,0,0,0,2,2,2,2,1
3605641842,1,1,0,0,0,0,2,2,2,2,1
3618232124,1,1,0,0,0,0,2,2,2,2,1
3750122205,1,1,0,0,0,0,2,2,2,2,1
3806438282,1,1,0,0,0,0,2,2,2,2,1
3812106004,1,1,0,0,0,0,2,2,2,2,1
3855467893,1,1,0,0,0,0,2,2,2,2,1
3900384085,1,1,0,0,0,0,2,2,2,2,1
3934655366,1,1,0,0,0,0,2,2,2,2,1
3937596775,1,1,0,0,0,0,2,2,2,2,1
3943532264,1,1,0,0,0,0,2,2,2,2,1
3950481501,1,1,0,0,0,0,2,2,2,2,1
3984138317,1,1,0,0,0,0,2,2,2,2,1
3989539873,1,1,0,0,0,0,2,2,2,2,1
5075043883,1,1,0,0,0,0,2,2,2,2,1
5137474769,1,1,0,0,0,0,2,2,2,2,1
5165814474,1,1,0,0,0,0,2,2,2,2,1
5186856444,1,1,0,0,0,0,2,2,2,2,1
5209974177,1,1,0,0,0,0,2,2,2,2,1
5399459255,1,1,0,0,0,0,2,2,2,2,1
5431902472,1,1,0,0,0,0,2,2,2,2,1
5482022327,1,1,0,0,0,0,2,2,2,2,1
5492436063,1,1,0,0,0,0,2,2,2,2,1
5501668108,1,1,0,0,0,0,2,2,2,2,1
5542650326,1,1,0,0,0,0,2,2,2,2,1
5583884795,1,1,0,0,0,0,2,2,2,2,1
5917152446,1,1,0,0,0,0,2,2,2,2,1
5920802057,1,1,0,0,0,0,2,2,2,2,1
5921185193,1,1,0,0,0,0,2,2,2,2,1
5933670612,1,1,0,0,0,0,2,2,2,2,1
6065802426,1,1,0,0,0,0,2,2,2,2,1
6072688701,1,1,0,0,0,0,2,2,2,2,1
6077802033,1,1,0,0,0,0,2,2,2,2,1
6109428342,1,1,0,0,0,0,2,2,2,2,1
6204166582,1,1,0,0,0,0,2,2,2,2,1
6254583261,1,1,0,0,0,0,2,2,2,2,1
6470481768,1,1,0,0,0,0,2,2,2,2,1
6575024236,1,1,0,0,0,0,2,2,2,2,1
6602686515,1,1,0,0,0,0,2,2,2,2,1
6933040093,1,1,0,0,0,0,2,2,2,2,1
7205915083,1,1,0,0,0,0,2,2,2,2,1
7332754356,1,1,0,0,0,0,2,2,2,2,1
7484270293,1,1,0,0,0,0,2,2,2,2,1
7566957306,1,1,0,0,0,0,2,2,2,2,1
7607641590,1,1,0,0,0,0,2,2,2,2,1
7614736215,1,1,0,0,0,0,2,2,2,2,1
5705839574,1,1,1,0,0,0,2,2,2,2,1
1131313904,1,1,0,0,0,1,2,2,2,2,1
2030874785,1,1,0,0,0,1,2,2,2,2,1
2053990867,1,1,0,0,0,1,2,2,2,2,1
2316360877,1,1,0,0,0,1,2,2,2,2,1
2419711391,1,1,0,0,0,1,2,2,2,2,1
2665548263,1,1,0,0,0,1,2,2,2,2,1
2733916771,1,1,0,0,0,1,2,2,2,2,1
2809198094,1,1,0,0,0,1,2,2,2,2,1
2915744911,1,1,0,0,0,1,2,2,2,2,1
3413019662,1,1,0,0,0,1,2,2,2,2,1
3460580442,1,1,0,0,0,1,2,2,2,2,1
3501312781,1,1,0,0,0,1,2,2,2,2,1
3687050977,1,1,0,0,0,1,2,2,2,2,1
5134574158,1,1,0,0,0,1,2,2,2,2,1
5175962664,1,1,0,0,0,1,2,2,2,2,1
5185280093,1,1,0,0,0,1,2,2,2,2,1
5270834731,1,1,0,0,0,1,2,2,2,2,1
5476071411,1,1,0,0,0,1,2,2,2,2,1
5559711500,1,1,0,0,0,1,2,2,2,2,1
5643987943,1,1,0,0,0,1,2,2,2,2,1
5968543924,1,1,0,0,0,1,2,2,2,2,1
6190039067,1,1,0,0,0,1,2,2,2,2,1
6656154299,1,1,0,0,0,1,2,2,2,2,1
6722078326,1,1,0,0,0,1,2,2,2,2,1
6839497817,1,1,0,0,0,1,2,2,2,2,1
1097571394,1,0,0,0,0,0,1,2,2,2,1
1144284995,1,0,0,0,0,0,1,2,2,2,1
1304020390,1,0,0,0,0,0,1,2,2,2,1
1377153094,1,0,0,0,0,0,1,2,2,2,1
1461356972,1,0,0,0,0,0,1,2,2,2,1
1573841811,1,0,0,0,0,0,1,2,2,2,1
1708468357,1,0,0,0,0,0,1,2,2,2,1
1748243474,1,0,0,0,0,0,1,2,2,2,1
1769994517,1,0,0,0,0,0,1,2,2,2,1
1797237782,1,0,0,0,0,0,1,2,2,2,1
1819679547,1,0,0,0,0,0,1,2,2,2,1
1820590593,1,0,0,0,0,0,1,2,2,2,1
1832658924,1,0,0,0,0,0,1,2,2,2,1
1846613483,1,0,0,0,0,0,1,2,2,2,1
1893369911,1,0,0,0,0,0,1,2,2,2,1
1905613727,1,0,0,0,0,0,1,2,2,2,1
1905936593,1,0,0,0,0,0,1,2,2,2,1
1906187785,1,0,0,0,0,0,1,2,2,2,1
1916472400,1,0,0,0,0,0,1,2,2,2,1
1934444607,1,0,0,0,0,0,1,2,2,2,1
1936090780,1,0,0,0,0,0,1,2,2,2,1
1946148870,1,0,0,0,0,0,1,2,2,2,1
1958364514,1,0,0,0,0,0,1,2,2,2,1
1958420740,1,0,0,0,0,0,1,2,2,2,1
1974320284,1,0,0,0,0,0,1,2,2,2,1
2014078830,1,0,0,0,0,0,1,2,2,2,1
2028748135,1,0,0,0,0,0,1,2,2,2,1
2033165982,1,0,0,0,0,0,1,2,2,2,1
2035926712,1,0,0,0,0,0,1,2,2,2,1
2039278895,1,0,0,0,0,0,1,2,2,2,1
2057867590,1,0,0,0,0,0,1,2,2,2,1
2061362543,1,0,0,0,0,0,1,2,2,2,1
2075755567,1,0,0,0,0,0,1,2,2,2,1
2076166751,1,0,0,0,0,0,1,2,2,2,1
2085453783,1,0,0,0,0,0,1,2,2,2,1
2086001763,1,0,0,0,0,0,1,2,2,2,1
2095260691,1,0,0,0,0,0,1,2,2,2,1
2104912934,1,0,0,0,0,0,1,2,2,2,1
2109678043,1,0,0,0,0,0,1,2,2,2,1
2113792964,1,0,0,0,0,0,1,2,2,2,1
2113796664,1,0,0,0,0,0,1,2,2,2,1
2129242380,1,0,0,0,0,0,1,2,2,2,1
2131691740,1,0,0,0,0,0,1,2,2,2,1
2136099053,1,0,0,0,0,0,1,2,2,2,1
2136477543,1,0,0,0,0,0,1,2,2,2,1
2157807813,1,0,0,0,0,0,1,2,2,2,1
2175830437,1,0,0,0,0,0,1,2,2,2,1
2177086724,1,0,0,0,0,0,1,2,2,2,1
2177931975,1,0,0,0,0,0,1,2,2,2,1
2187572815,1,0,0,0,0,0,1,2,2,2,1
2215926892,1,0,0,0,0,0,1,2,2,2,1
2236136725,1,0,0,0,0,0,1,2,2,2,1
2255059503,1,0,0,0,0,0,1,2,2,2,1
2255330512,1,0,0,0,0,0,1,2,2,2,1
2295369103,1,0,0,0,0,0,1,2,2,2,1
2297223295,1,0,0,0,0,0,1,2,2,2,1
2298844382,1,0,0,0,0,0,1,2,2,2,1
2299211261,1,0,0,0,0,0,1,2,2,2,1
2316268360,1,0,0,0,0,0,1,2,2,2,1
2377359842,1,0,0,0,0,0,1,2,2,2,1
2419711491,1,0,0,0,0,0,1,2,2,2,1
2420475707,1,0,0,0,0,0,1,2,2,2,1
2420475747,1,0,0,0,0,0,1,2,2,2,1
2428992302,1,0,0,0,0,0,1,2,2,2,1
2440074651,1,0,0,0,0,0,1,2,2,2,1
2458218133,1,0,0,0,0,0,1,2,2,2,1
2466136920,1,0,0,0,0,0,1,2,2,2,1
2481705893,1,0,0,0,0,0,1,2,2,2,1
2501780563,1,0,0,0,0,0,1,2,2,2,1
2503848121,1,0,0,0,0,0,1,2,2,2,1
2504014655,1,0,0,0,0,0,1,2,2,2,1
2504631487,1,0,0,0,0,0,1,2,2,2,1
2506759513,1,0,0,0,0,0,1,2,2,2,1
2527302834,1,0,0,0,0,0,1,2,2,2,1
2539279884,1,0,0,0,0,0,1,2,2,2,1
2539377204,1,0,0,0,0,0,1,2,2,2,1
2542183403,1,0,0,0,0,0,1,2,2,2,1
2549143183,1,0,0,0,0,0,1,2,2,2,1
2549737992,1,0,0,0,0,0,1,2,2,2,1
2552344210,1,0,0,0,0,0,1,2,2,2,1
2553602585,1,0,0,0,0,0,1,2,2,2,1
2570672444,1,0,0,0,0,0,1,2,2,2,1
2593680211,1,0,0,0,0,0,1,2,2,2,1
2595703554,1,0,0,0,0,0,1,2,2,2,1
2605220485,1,0,0,0,0,0,1,2,2,2,1
2607959112,1,0,0,0,0,0,1,2,2,2,1
2628397387,1,0,0,0,0,0,1,2,2,2,1
2628613102,1,0,0,0,0,0,1,2,2,2,1
2629424430,1,0,0,0,0,0,1,2,2,2,1
2634386942,1,0,0,0,0,0,1,2,2,2,1
2635280692,1,0,0,0,0,0,1,2,2,2,1
2636324881,1,0,0,0,0,0,1,2,2,2,1
2645846213,1,0,0,0,0,0,1,2,2,2,1
2648076881,1,0,0,0,0,0,1,2,2,2,1
2653640942,1,0,0,0,0,0,1,2,2,2,1
2654629783,1,0,0,0,0,0,1,2,2,2,1
2661059893,1,0,0,0,0,0,1,2,2,2,1
2661133564,1,0,0,0,0,0,1,2,2,2,1
2673559193,1,0,0,0,0,0,1,2,2,2,1
2683697150,1,0,0,0,0,0,1,2,2,2,1
2683776213,1,0,0,0,0,0,1,2,2,2,1
2701662064,1,0,0,0,0,0,1,2,2,2,1
2703188161,1,0,0,0,0,0,1,2,2,2,1
2707566740,1,0,0,0,0,0,1,2,2,2,1
2710664880,1,0,0,0,0,0,1,2,2,2,1
2712205020,1,0,0,0,0,0,1,2,2,2,1
2717998533,1,0,0,0,0,0,1,2,2,2,1
2718529823,1,0,0,0,0,0,1,2,2,2,1
2726102391,1,0,0,0,0,0,1,2,2,2,1
2729232002,1,0,0,0,0,0,1,2,2,2,1
2729830305,1,0,0,0,0,0,1,2,2,2,1
2732997450,1,0,0,0,0,0,1,2,2,2,1
2736030645,1,0,0,0,0,0,1,2,2,2,1
2768327363,1,0,0,0,0,0,1,2,2,2,1
2769646261,1,0,0,0,0,0,1,2,2,2,1
2793242114,1,0,0,0,0,0,1,2,2,2,1
2798528450,1,0,0,0,0,0,1,2,2,2,1
2799877602,1,0,0,0,0,0,1,2,2,2,1
2815932080,1,0,0,0,0,0,1,2,2,2,1
2823855364,1,0,0,0,0,0,1,2,2,2,1
2856574623,1,0,0,0,0,0,1,2,2,2,1
2861017352,1,0,0,0,0,0,1,2,2,2,1
2867360410,1,0,0,0,0,0,1,2,2,2,1
2870840471,1,0,0,0,0,0,1,2,2,2,1
2872565362,1,0,0,0,0,0,1,2,2,2,1
2880246932,1,0,0,0,0,0,1,2,2,2,1
2881224752,1,0,0,0,0,0,1,2,2,2,1
2891747943,1,0,0,0,0,0,1,2,2,2,1
2964906164,1,0,0,0,0,0,1,2,2,2,1
2972474694,1,0,0,0,0,0,1,2,2,2,1
2995901580,1,0,0,0,0,0,1,2,2,2,1
3030787257,1,0,0,0,0,0,1,2,2,2,1
3045822553,1,0,0,0,0,0,1,2,2,2,1
3064596053,1,0,0,0,0,0,1,2,2,2,1
3104796307,1,0,0,0,0,0,1,2,2,2,1
3131376800,1,0,0,0,0,0,1,2,2,2,1
3147846720,1,0,0,0,0,0,1,2,2,2,1
3173645747,1,0,0,0,0,0,1,2,2,2,1
3174920635,1,0,0,0,0,0,1,2,2,2,1
3224127580,1,0,0,0,0,0,1,2,2,2,1
3226859872,1,0,0,0,0,0,1,2,2,2,1
3229852852,1,0,0,0,0,0,1,2,2,2,1
3241359300,1,0,0,0,0,0,1,2,2,2,1
3243486842,1,0,0,0,0,0,1,2,2,2,1
3279129197,1,0,0,0,0,0,1,2,2,2,1
3297968502,1,0,0,0,0,0,1,2,2,2,1
3305672612,1,0,0,0,0,0,1,2,2,2,1
3335089934,1,0,0,0,0,0,1,2,2,2,1
3425520360,1,0,0,0,0,0,1,2,2,2,1
3449092772,1,0,0,0,0,0,1,2,2,2,1
3468372884,1,0,0,0,0,0,1,2,2,2,1
3480506330,1,0,0,0,0,0,1,2,2,2,1
3486040040,1,0,0,0,0,0,1,2,2,2,1
3498389191,1,0,0,0,0,0,1,2,2,2,1
3500417864,1,0,0,0,0,0,1,2,2,2,1
3503947005,1,0,0,0,0,0,1,2,2,2,1
3546862743,1,0,0,0,0,0,1,2,2,2,1
3550105603,1,0,0,0,0,0,1,2,2,2,1
3557128841,1,0,0,0,0,0,1,2,2,2,1
3613537570,1,0,0,0,0,0,1,2,2,2,1
3655890845,1,0,0,0,0,0,1,2,2,2,1
3703694691,1,0,0,0,0,0,1,2,2,2,1
3704995720,1,0,0,0,0,0,1,2,2,2,1
3746607642,1,0,0,0,0,0,1,2,2,2,1
3811559344,1,0,0,0,0,0,1,2,2,2,1
3837145562,1,0,0,0,0,0,1,2,2,2,1
3844733372,1,0,0,0,0,0,1,2,2,2,1
3846487316,1,0,0,0,0,0,1,2,2,2,1
3869451988,1,0,0,0,0,0,1,2,2,2,1
3870710436,1,0,0,0,0,0,1,2,2,2,1
3881282682,1,0,0,0,0,0,1,2,2,2,1
3893196853,1,0,0,0,0,0,1,2,2,2,1
3898091811,1,0,0,0,0,0,1,2,2,2,1
3906619742,1,0,0,0,0,0,1,2,2,2,1
3913715620,1,0,0,0,0,0,1,2,2,2,1
3917479666,1,0,0,0,0,0,1,2,2,2,1
3921809579,1,0,0,0,0,0,1,2,2,2,1
3940421544,1,0,0,0,0,0,1,2,2,2,1
3948683157,1,0,0,0,0,0,1,2,2,2,1
3951497952,1,0,0,0,0,0,1,2,2,2,1
3960077066,1,0,0,0,0,0,1,2,2,2,1
3960547371,1,0,0,0,0,0,1,2,2,2,1
3969514895,1,0,0,0,0,0,1,2,2,2,1
3972639153,1,0,0,0,0,0,1,2,2,2,1
3977467513,1,0,0,0,0,0,1,2,2,2,1
3977808428,1,0,0,0,0,0,1,2,2,2,1
5041063756,1,0,0,0,0,0,1,2,2,2,1
5050953575,1,0,0,0,0,0,1,2,2,2,1
5091698763,1,0,0,0,0,0,1,2,2,2,1
5097588665,1,0,0,0,0,0,1,2,2,2,1
5119756183,1,0,0,0,0,0,1,2,2,2,1
5127914121,1,0,0,0,0,0,1,2,2,2,1
5142232485,1,0,0,0,0,0,1,2,2,2,1
5144353211,1,0,0,0,0,0,1,2,2,2,1
5147125619,1,0,0,0,0,0,1,2,2,2,1
5149820613,1,0,0,0,0,0,1,2,2,2,1
5170502995,1,0,0,0,0,0,1,2,2,2,1
5174468139,1,0,0,0,0,0,1,2,2,2,1
5174680583,1,0,0,0,0,0,1,2,2,2,1
5185740671,1,0,0,0,0,0,1,2,2,2,1
5195905155,1,0,0,0,0,0,1,2,2,2,1
5199661953,1,0,0,0,0,0,1,2,2,2,1
5201557685,1,0,0,0,0,0,1,2,2,2,1
5202247631,1,0,0,0,0,0,1,2,2,2,1
5218198569,1,0,0,0,0,0,1,2,2,2,1
5227278764,1,0,0,0,0,0,1,2,2,2,1
5231110730,1,0,0,0,0,0,1,2,2,2,1
5244396170,1,0,0,0,0,0,1,2,2,2,1
5257523581,1,0,0,0,0,0,1,2,2,2,1
5308952443,1,0,0,0,0,0,1,2,2,2,1
5321661068,1,0,0,0,0,0,1,2,2,2,1
5344841934,1,0,0,0,0,0,1,2,2,2,1
5345881681,1,0,0,0,0,0,1,2,2,2,1
5347522903,1,0,0,0,0,0,1,2,2,2,1
5357394908,1,0,0,0,0,0,1,2,2,2,1
5359411761,1,0,0,0,0,0,1,2,2,2,1
5360584156,1,0,0,0,0,0,1,2,2,2,1
5369958668,1,0,0,0,0,0,1,2,2,2,1
5400034469,1,0,0,0,0,0,1,2,2,2,1
5412034672,1,0,0,0,0,0,1,2,2,2,1
5438252453,1,0,0,0,0,0,1,2,2,2,1
5445733867,1,0,0,0,0,0,1,2,2,2,1
5448091337,1,0,0,0,0,0,1,2,2,2,1
5448875689,1,0,0,0,0,0,1,2,2,2,1
5453854181,1,0,0,0,0,0,1,2,2,2,1
5455970373,1,0,0,0,0,0,1,2,2,2,1
5465642279,1,0,0,0,0,0,1,2,2,2,1
5500168113,1,0,0,0,0,0,1,2,2,2,1
5517617554,1,0,0,0,0,0,1,2,2,2,1
5549303477,1,0,0,0,0,0,1,2,2,2,1
5552719409,1,0,0,0,0,0,1,2,2,2,1
5570239535,1,0,0,0,0,0,1,2,2,2,1
5573637841,1,0,0,0,0,0,1,2,2,2,1
5587961094,1,0,0,0,0,0,1,2,2,2,1
5591087558,1,0,0,0,0,0,1,2,2,2,1
5605501387,1,0,0,0,0,0,1,2,2,2,1
5607949102,1,0,0,0,0,0,1,2,2,2,1
5611022893,1,0,0,0,0,0,1,2,2,2,1
5632117481,1,0,0,0,0,0,1,2,2,2,1
5634737637,1,0,0,0,0,0,1,2,2,2,1
5645914761,1,0,0,0,0,0,1,2,2,2,1
5652778771,1,0,0,0,0,0,1,2,2,2,1
5653146796,1,0,0,0,0,0,1,2,2,2,1
5653412115,1,0,0,0,0,0,1,2,2,2,1
5654362399,1,0,0,0,0,0,1,2,2,2,1
5712132306,1,0,0,0,0,0,1,2,2,2,1
5727251238,1,0,0,0,0,0,1,2,2,2,1
5732764009,1,0,0,0,0,0,1,2,2,2,1
5733670322,1,0,0,0,0,0,1,2,2,2,1
5752551335,1,0,0,0,0,0,1,2,2,2,1
5765525946,1,0,0,0,0,0,1,2,2,2,1
5884880324,1,0,0,0,0,0,1,2,2,2,1
5910209026,1,0,0,0,0,0,1,2,2,2,1
5916922776,1,0,0,0,0,0,1,2,2,2,1
5919503347,1,0,0,0,0,0,1,2,2,2,1
5920690609,1,0,0,0,0,0,1,2,2,2,1
5921072654,1,0,0,0,0,0,1,2,2,2,1
5922617124,1,0,0,0,0,0,1,2,2,2,1
5926394072,1,0,0,0,0,0,1,2,2,2,1
5937846375,1,0,0,0,0,0,1,2,2,2,1
5937997136,1,0,0,0,0,0,1,2,2,2,1
5942046328,1,0,0,0,0,0,1,2,2,2,1
5972804252,1,0,0,0,0,0,1,2,2,2,1
5973697726,1,0,0,0,0,0,1,2,2,2,1
5973707140,1,0,0,0,0,0,1,2,2,2,1
5983324736,1,0,0,0,0,0,1,2,2,2,1
5991811187,1,0,0,0,0,0,1,2,2,2,1
6014191297,1,0,0,0,0,0,1,2,2,2,1
6083245339,1,0,0,0,0,0,1,2,2,2,1
6083461336,1,0,0,0,0,0,1,2,2,2,1
6083525576,1,0,0,0,0,0,1,2,2,2,1
6141567131,1,0,0,0,0,0,1,2,2,2,1
6211094932,1,0,0,0,0,0,1,2,2,2,1
6224464042,1,0,0,0,0,0,1,2,2,2,1
6270937510,1,0,0,0,0,0,1,2,2,2,1
6273082190,1,0,0,0,0,0,1,2,2,2,1
6322729435,1,0,0,0,0,0,1,2,2,2,1
6351344148,1,0,0,0,0,0,1,2,2,2,1
6401320617,1,0,0,0,0,0,1,2,2,2,1
6402541931,1,0,0,0,0,0,1,2,2,2,1
6411650557,1,0,0,0,0,0,1,2,2,2,1
6589825840,1,0,0,0,0,0,1,2,2,2,1
6642214683,1,0,0,0,0,0,1,2,2,2,1
6727900080,1,0,0,0,0,0,1,2,2,2,1
6854611790,1,0,0,0,0,0,1,2,2,2,1
6931869109,1,0,0,0,0,0,1,2,2,2,1
6941790656,1,0,0,0,0,0,1,2,2,2,1
6996438563,1,0,0,0,0,0,1,2,2,2,1
7198562828,1,0,0,0,0,0,1,2,2,2,1
7276179426,1,0,0,0,0,0,1,2,2,2,1
7281757190,1,0,0,0,0,0,1,2,2,2,1
7300187284,1,0,0,0,0,0,1,2,2,2,1
7324816130,1,0,0,0,0,0,1,2,2,2,1
7379536574,1,0,0,0,0,0,1,2,2,2,1
7453451092,1,0,0,0,0,0,1,2,2,2,1
7496227484,1,0,0,0,0,0,1,2,2,2,1
7517487422,1,0,0,0,0,0,1,2,2,2,1
7539384147,1,0,0,0,0,0,1,2,2,2,1
7553080225,1,0,0,0,0,0,1,2,2,2,1
7566456548,1,0,0,0,0,0,1,2,2,2,1
7592287130,1,0,0,0,0,0,1,2,2,2,1
7609642465,1,0,0,0,0,0,1,2,2,2,1
7635392734,1,0,0,0,0,0,1,2,2,2,1
1710175603,1,0,1,0,0,0,1,2,2,2,1
1902383514,1,0,1,0,0,0,1,2,2,2,1
1986895011,1,0,1,0,0,0,1,2,2,2,1
2002676497,1,0,1,0,0,0,1,2,2,2,1
2052350073,1,0,1,0,0,0,1,2,2,2,1
2115327987,1,0,1,0,0,0,1,2,2,2,1
2245589952,1,0,1,0,0,0,1,2,2,2,1
2648998497,1,0,1,0,0,0,1,2,2,2,1
2670216585,1,0,1,0,0,0,1,2,2,2,1
2794517172,1,0,1,0,0,0,1,2,2,2,1
2865470114,1,0,1,0,0,0,1,2,2,2,1
3147973405,1,0,1,0,0,0,1,2,2,2,1
3244555592,1,0,1,0,0,0,1,2,2,2,1
3547956493,1,0,1,0,0,0,1,2,2,2,1
1393515952,1,0,0,0,0,1,1,2,2,2,1
1861104360,1,0,0,0,0,1,1,2,2,2,1
2146627190,1,0,0,0,0,1,1,2,2,2,1
2462139944,1,0,0,0,0,1,1,2,2,2,1
2534828067,1,0,0,0,0,1,1,2,2,2,1
2662253637,1,0,0,0,0,1,1,2,2,2,1
2865472804,1,0,0,0,0,1,1,2,2,2,1
2948793850,1,0,0,0,0,1,1,2,2,2,1
3172751394,1,0,0,0,0,1,1,2,2,2,1
3198316454,1,0,0,0,0,1,1,2,2,2,1
3262260450,1,0,0,0,0,1,1,2,2,2,1
3806199626,1,0,0,0,0,1,1,2,2,2,1
3880461030,1,0,0,0,0,1,1,2,2,2,1
3910838491,1,0,0,0,0,1,1,2,2,2,1
3928004406,1,0,0,0,0,1,1,2,2,2,1
3933787068,1,0,0,0,0,1,1,2,2,2,1
5117294211,1,0,0,0,0,1,1,2,2,2,1
5249979200,1,0,0,0,0,1,1,2,2,2,1
5347246109,1,0,0,0,0,1,1,2,2,2,1
5374241010,1,0,0,0,0,1,1,2,2,2,1
5374286854,1,0,0,0,0,1,1,2,2,2,1
5558735968,1,0,0,0,0,1,1,2,2,2,1
5603214258,1,0,0,0,0,1,1,2,2,2,1
5618016269,1,0,0,0,0,1,1,2,2,2,1
5633467178,1,0,0,0,0,1,1,2,2,2,1
5875998819,1,0,0,0,0,1,1,2,2,2,1
6525631025,1,0,0,0,0,1,1,2,2,2,1
6679125442,1,0,0,0,0,1,1,2,2,2,1
2579443110,1,0,1,0,0,1,1,2,2,2,1
2139893427,1,2,0,0,0,0,0,2,2,2,1
3471716784,1,2,0,0,0,0,0,2,2,2,1
5744238002,1,2,0,0,0,0,0,2,2,2,1
7030516533,1,2,0,0,0,0,0,2,2,2,1
2685098751,1,2,0,0,0,1,0,2,2,2,1
3315784023,1,0,2,0,0,0,1,1,2,2,1
1976304153,1,0,2,0,0,1,1,1,2,2,1
75848,1,1,0,1,0,0,2,2,1,2,1
1905964443,1,1,0,1,0,0,2,2,1,2,1
2531966487,1,1,0,1,0,0,2,2,1,2,1
2576950750,1,1,0,1,0,0,2,2,1,2,1
2597675012,1,1,0,1,0,0,2,2,1,2,1
2860793864,1,1,0,1,0,0,2,2,1,2,1
3202103081,1,1,0,1,0,0,2,2,1,2,1
3215052832,1,1,0,1,0,0,2,2,1,2,1
3250216315,1,1,0,1,0,0,2,2,1,2,1
3817381137,1,1,0,1,0,0,2,2,1,2,1
3818846748,1,1,0,1,0,0,2,2,1,2,1
3880516376,1,1,0,1,0,0,2,2,1,2,1
3936431121,1,1,0,1,0,0,2,2,1,2,1
5043101733,1,1,0,1,0,0,2,2,1,2,1
5104646524,1,1,0,1,0,0,2,2,1,2,1
5140591723,1,1,0,1,0,0,2,2,1,2,1
5369902567,1,1,0,1,0,0,2,2,1,2,1
5902163482,1,1,0,1,0,0,2,2,1,2,1
6092082113,1,1,0,1,0,0,2,2,1,2,1
6290064980,1,1,0,1,0,0,2,2,1,2,1
1972589043,1,1,1,1,0,0,2,2,1,2,1
2092871904,1,1,1,1,0,0,2,2,1,2,1
3248241212,1,1,1,1,0,0,2,2,1,2,1
2188043085,1,1,0,1,0,1,2,2,1,2,1
2598560315,1,1,0,1,0,1,2,2,1,2,1
2662021083,1,1,0,1,0,1,2,2,1,2,1
2757497057,1,1,0,1,0,1,2,2,1,2,1
5638738330,1,1,0,1,0,1,2,2,1,2,1
6275007444,1,1,0,1,0,1,2,2,1,2,1
1834067805,1,1,1,1,0,1,2,2,1,2,1
1913329945,1,0,0,1,0,0,1,2,1,2,1
2242472787,1,0,0,1,0,0,1,2,1,2,1
2595080202,1,0,0,1,0,0,1,2,1,2,1
2607711843,1,0,0,1,0,0,1,2,1,2,1
2632453183,1,0,0,1,0,0,1,2,1,2,1
2634283941,1,0,0,1,0,0,1,2,1,2,1
2699375673,1,0,0,1,0,0,1,2,1,2,1
2727738163,1,0,0,1,0,0,1,2,1,2,1
2771556453,1,0,0,1,0,0,1,2,1,2,1
2860762922,1,0,0,1,0,0,1,2,1,2,1
2871482304,1,0,0,1,0,0,1,2,1,2,1
3229688804,1,0,0,1,0,0,1,2,1,2,1
3908798547,1,0,0,1,0,0,1,2,1,2,1
3963974028,1,0,0,1,0,0,1,2,1,2,1
5387172075,1,0,0,1,0,0,1,2,1,2,1
5538787665,1,0,0,1,0,0,1,2,1,2,1
5699757106,1,0,0,1,0,0,1,2,1,2,1
5737966505,1,0,0,1,0,0,1,2,1,2,1
6561841127,1,0,0,1,0,0,1,2,1,2,1
6930004171,1,0,0,1,0,0,1,2,1,2,1
2011899834,1,0,1,1,0,0,1,2,1,2,1
3245359303,1,0,1,1,0,0,1,2,1,2,1
3563775165,1,0,1,1,0,0,1,2,1,2,1
2155815034,1,0,0,1,0,1,1,2,1,2,1
2467781350,1,0,0,1,0,1,1,2,1,2,1
2610091592,1,0,0,1,0,1,1,2,1,2,1
3032199632,1,0,0,1,0,1,1,2,1,2,1
3116987960,1,0,0,1,0,1,1,2,1,2,1
5076834477,1,0,0,1,0,1,1,2,1,2,1
2012215315,1,0,1,1,0,1,1,2,1,2,1
2651262981,1,2,0,1,0,0,0,2,1,2,1
1935167034,1,1,2,1,0,0,2,1,1,2,1
2115262352,1,0,2,1,0,1,1,1,1,2,1
2144075181,1,0,2,1,0,1,1,1,1,2,1
2942982592,1,0,2,1,0,1,1,1,1,2,1
3547967310,1,0,2,1,0,1,1,1,1,2,1
3252585473,1,0,0,2,2,1,1,2,2,1,1
3516122664,1,0,0,2,2,1,1,2,2,1,1
1976294423,1,1,0,1,2,1,2,2,1,1,1
1991333801,1,1,0,1,2,1,2,2,1,1,1
2128270293,1,1,0,1,2,1,2,2,1,1,1
2519979374,1,1,0,1,2,1,2,2,1,1,1
3241468184,1,1,0,1,2,1,2,2,1,1,1
1980708047,1,1,1,1,2,1,2,2,1,1,1
2261322181,1,0,0,1,2,1,1,2,1,1,1
5634013749,1,2,0,1,2,1,0,2,1,1,1
7539097977,1,2,0,1,2,1,0,2,1,1,1
1648119052,1,2,1,1,2,1,0,2,1,1,1
1663933725,1,2,1,1,2,1,0,2,1,1,1
2011677057,1,2,1,1,2,1,0,2,1,1,1
1419172372,1,1,2,1,2,1,2,1,1,1,1
1590753120,1,1,2,1,2,1,2,1,1,1,1
1708159150,1,1,2,1,2,1,2,1,1,1,1
1958889463,1,1,2,1,2,1,2,1,1,1,1
2178873290,1,1,2,1,2,1,2,1,1,1,1
2630570525,1,1,2,1,2,1,2,1,1,1,1
2568309141,1,1,2,3,2,1,2,1,1,1,1
5000609535,1,0,2,1,2,0,1,1,1,1,1
2024872695,1,0,2,1,2,1,1,1,1,1,1
2762892110,1,0,2,1,2,1,1,1,1,1,1
1859428970,1,2,2,1,2,1,0,1,1,1,1
2085621483,1,2,2,1,2,1,0,1,1,1,1
2106558073,1,2,2,1,2,1,0,1,1,1,1
2434139193,1,2,2,1,2,1,0,1,1,1,1
2518353303,1,1,1,2,3,1,2,2,2,0,1
5610349502,1,1,1,2,3,1,2,2,2,0,1
2196955610,1,0,1,2,3,1,1,2,2,0,1
2696049583,1,0,2,2,3,1,1,1,2,0,1
2117508734,1,2,2,2,3,1,0,1,2,0,1
7079703736,1,1,0,1,3,1,2,2,1,0,1
2427989561,1,1,1,1,3,1,2,2,1,0,1
2524413584,1,1,1,1,3,1,2,2,1,0,1
5386897742,1,1,1,1,3,1,2,2,1,0,1
5579586356,1,1,1,1,3,1,2,2,1,0,1
7398726945,1,1,1,1,3,1,2,2,1,0,1
1914175080,1,0,1,1,3,0,1,2,1,0,1
1911430687,1,0,0,1,3,1,1,2,1,0,1
2672180103,1,0,0,1,3,1,1,2,1,0,1
2673596451,1,0,0,1,3,1,1,2,1,0,1
5915215161,1,0,1,1,3,1,1,2,1,0,1
2108806420,1,2,0,1,3,1,0,2,1,0,1
1962105937,1,2,1,1,3,1,0,2,1,0,1
1986679210,1,2,1,1,3,1,0,2,1,0,1
2451903763,1,2,1,1,3,1,0,2,1,0,1
1910695630,1,1,2,1,3,1,2,1,1,0,1
1977407911,1,1,2,1,3,1,2,1,1,0,1
2044263792,1,1,2,1,3,1,2,1,1,0,1
2055648745,1,1,2,1,3,1,2,1,1,0,1
2056394313,1,1,2,1,3,1,2,1,1,0,1
2321615032,1,1,2,1,3,1,2,1,1,0,1
3097688767,1,1,2,1,3,1,2,1,1,0,1
3315214800,1,1,2,1,3,1,2,1,1,0,1
1903747781,1,0,2,1,3,1,1,1,1,0,1
2309234963,1,0,2,1,3,1,1,1,1,0,1
1965683690,1,0,2,3,3,1,1,1,1,0,1
5703799536,1,0,2,3,3,1,1,1,1,0,1
2328516855,1,2,2,1,3,1,0,1,1,0,1
3894391642,1,2,2,1,3,1,0,1,1,0,1
5104880035,1,2,2,1,3,1,0,1,1,0,1
1883755941,1,2,2,3,3,1,0,1,1,0,1
